12,2007-07-01,609200
12,2007-07-02,260300
12,2007-07-03,142500
12,2007-07-04,201300
12,2007-07-05,180500
12,2007-07-06,351300
12,2007-07-07,294500
12,2007-07-08,474300
12,2007-07-09,176300
12,2007-07-10,192800
12,2007-07-11,213600
12,2007-07-12,132700
12,2007-07-13,167400
12,2007-07-14,157600
12,2007-07-15,301200
12,2007-07-16,353000
12,2007-07-17,172500
12,2007-07-18,150000
12,2007-07-19,102900
12,2007-07-20,125500
12,2007-07-21,246000
12,2007-07-22,272300
12,2007-07-23,131700
12,2007-07-24,116900
12,2007-07-25,255600
12,2007-07-26,125100
12,2007-07-27,102100
12,2007-07-28,261600
12,2007-07-29,255800
12,2007-07-30,111800
12,2007-07-31,269600
23,2007-07-01,764870
23,2007-07-02,204200
23,2007-07-03,205340
23,2007-07-04,151510
23,2007-07-05,166040
23,2007-07-06,152260
23,2007-07-07,311150
23,2007-07-08,300510
23,2007-07-09,169000
23,2007-07-10,79760
23,2007-07-11,132410
23,2007-07-12,127700
23,2007-07-13,102240
23,2007-07-14,101040
23,2007-07-15,250300
23,2007-07-16,251500
23,2007-07-17,118860
23,2007-07-18,121100
23,2007-07-19,140640
23,2007-07-20,222720
23,2007-07-21,226650
23,2007-07-22,352220
23,2007-07-23,204600
23,2007-07-24,151260
23,2007-07-25,159800
23,2007-07-26,111300
23,2007-07-27,109300
23,2007-07-28,451940
23,2007-07-29,251100
23,2007-07-30,163700
23,2007-07-31,273700
14,2007-07-01,505700
14,2007-07-02,328900
14,2007-07-03,374700
14,2007-07-04,244500
14,2007-07-05,863600
14,2007-07-06,709000
14,2007-07-07,611900
14,2007-07-08,615200
14,2007-07-09,313400
14,2007-07-10,410900
14,2007-07-11,371800
14,2007-07-12,245200
14,2007-07-13,267700
14,2007-07-14,412500
14,2007-07-15,264500
14,2007-07-16,481000
14,2007-07-17,202000
14,2007-07-18,150000
14,2007-07-19,191400
14,2007-07-20,174000
14,2007-07-21,333700
14,2007-07-22,257200
14,2007-07-23,148000
14,2007-07-24,183800
14,2007-07-25,141300
14,2007-07-26,201800
14,2007-07-27,282800
14,2007-07-28,208400
14,2007-07-29,286500
14,2007-07-30,119800
14,2007-07-31,268600
15,2007-07-01,1363000
15,2007-07-02,624400
15,2007-07-03,611700
15,2007-07-04,606000
15,2007-07-05,718900
15,2007-07-06,620200
15,2007-07-07,856200
15,2007-07-08,807400
15,2007-07-09,353700
15,2007-07-10,405500
15,2007-07-11,394700
15,2007-07-12,370300
15,2007-07-13,478000
15,2007-07-14,489900
15,2007-07-15,405300
15,2007-07-16,508200
15,2007-07-17,334200
15,2007-07-18,400100
15,2007-07-19,406100
15,2007-07-20,374400
15,2007-07-21,354300
15,2007-07-22,533300
15,2007-07-23,211000
15,2007-07-24,305800
15,2007-07-25,386600
15,2007-07-26,334800
15,2007-07-27,343700
15,2007-07-28,451000
15,2007-07-29,360600
15,2007-07-30,303500
15,2007-07-31,351500
17,2007-07-01,1572200
17,2007-07-02,869000
17,2007-07-03,618500
17,2007-07-04,644500
17,2007-07-05,703200
17,2007-07-06,703600
17,2007-07-07,1077100
17,2007-07-08,830700
17,2007-07-09,479700
17,2007-07-10,483200
17,2007-07-11,471400
17,2007-07-12,402300
17,2007-07-13,405100
17,2007-07-14,639200
17,2007-07-15,658800
17,2007-07-16,594800
17,2007-07-17,359300
17,2007-07-18,350000
17,2007-07-19,373200
17,2007-07-20,250100
17,2007-07-21,385300
17,2007-07-22,546000
17,2007-07-23,351300
17,2007-07-24,183100
17,2007-07-25,317200
17,2007-07-26,221200
17,2007-07-27,239100
17,2007-07-28,432900
17,2007-07-29,465100
17,2007-07-30,357600
17,2007-07-31,275700
18,2007-07-01,454500
18,2007-07-02,197300
18,2007-07-03,240600
18,2007-07-04,163200
18,2007-07-05,144600
18,2007-07-06,95100
18,2007-07-07,226900
18,2007-07-08,452200
18,2007-07-09,218100
18,2007-07-10,120900
18,2007-07-11,152500
18,2007-07-12,110500
18,2007-07-13,156100
18,2007-07-14,31400
18,2007-07-15,574500
18,2007-07-16,258400
18,2007-07-17,139600
18,2007-07-18,289400
18,2007-07-19,268500
18,2007-07-20,250000
18,2007-07-21,221900
18,2007-07-22,256600
18,2007-07-23,92900
18,2007-07-24,221100
18,2007-07-25,109800
18,2007-07-26,140100
18,2007-07-27,68800
18,2007-07-28,174900
18,2007-07-29,348400
18,2007-07-30,150100
18,2007-07-31,95000
13,2007-07-01,612700
13,2007-07-02,254700
13,2007-07-03,314900
13,2007-07-04,157200
13,2007-07-05,171700
13,2007-07-06,183800
13,2007-07-07,271600
13,2007-07-08,352200
13,2007-07-09,268600
13,2007-07-10,202000
13,2007-07-11,211600
13,2007-07-12,423700
13,2007-07-13,313000
13,2007-07-14,638500
13,2007-07-15,426100
13,2007-07-16,352900
13,2007-07-17,232700
13,2007-07-18,205900
13,2007-07-19,210800
13,2007-07-20,175200
13,2007-07-21,529300
13,2007-07-22,587000
13,2007-07-23,0
13,2007-07-24,350800
13,2007-07-25,201700
13,2007-07-26,442900
13,2007-07-27,626900
13,2007-07-28,596800
13,2007-07-29,409900
13,2007-07-30,353000
13,2007-07-31,435400
27,2007-07-01,951300
27,2007-07-02,362300
27,2007-07-03,515900
27,2007-07-04,250600
27,2007-07-05,324600
27,2007-07-06,325000
27,2007-07-07,518700
27,2007-07-08,583500
27,2007-07-09,152300
27,2007-07-10,190200
27,2007-07-11,108900
27,2007-07-12,129500
27,2007-07-13,107900
27,2007-07-14,206300
27,2007-07-15,229600
27,2007-07-16,226100
27,2007-07-17,74600
27,2007-07-18,232600
27,2007-07-19,179700
27,2007-07-20,149600
27,2007-07-21,305900
27,2007-07-22,248620
27,2007-07-23,127900
27,2007-07-24,55100
27,2007-07-25,311000
27,2007-07-26,245400
27,2007-07-27,175200
27,2007-07-28,301700
27,2007-07-29,309100
27,2007-07-30,86700
27,2007-07-31,206400
28,2007-07-01,1045200
28,2007-07-02,296100
28,2007-07-03,255200
28,2007-07-04,203500
28,2007-07-05,245900
28,2007-07-06,101200
28,2007-07-07,452000
28,2007-07-08,602740
28,2007-07-09,233700
28,2007-07-10,235000
28,2007-07-11,31900
28,2007-07-12,119600
28,2007-07-13,193300
28,2007-07-14,497800
28,2007-07-15,347200
28,2007-07-16,376900
28,2007-07-17,183500
28,2007-07-18,286500
28,2007-07-19,173500
28,2007-07-20,133200
28,2007-07-21,373200
28,2007-07-22,268800
28,2007-07-23,365100
28,2007-07-24,155100
28,2007-07-25,200400
28,2007-07-26,142700
28,2007-07-27,220100
28,2007-07-28,317600
28,2007-07-29,506900
28,2007-07-30,90300
28,2007-07-31,265700
16,2007-07-01,776600
16,2007-07-02,625200
16,2007-07-03,551600
16,2007-07-04,214400
16,2007-07-05,324600
16,2007-07-06,307000
16,2007-07-07,404700
16,2007-07-08,479500
16,2007-07-09,347900
16,2007-07-10,243800
16,2007-07-11,275500
16,2007-07-12,291600
16,2007-07-13,481100
16,2007-07-14,247300
16,2007-07-15,356000
16,2007-07-16,270700
16,2007-07-17,158400
16,2007-07-18,199000
16,2007-07-19,356900
16,2007-07-20,170200
16,2007-07-21,270700
16,2007-07-22,136300
16,2007-07-23,162500
16,2007-07-24,289800
16,2007-07-25,72500
16,2007-07-26,196200
16,2007-07-27,215400
16,2007-07-28,255400
16,2007-07-29,258600
16,2007-07-30,264300
16,2007-07-31,202700
32,2007-07-01,445100
32,2007-07-02,154400
32,2007-07-03,123100
32,2007-07-04,72700
32,2007-07-05,446000
32,2007-07-06,182900
32,2007-07-07,380500
32,2007-07-08,261900
32,2007-07-09,172700
32,2007-07-10,117300
32,2007-07-11,152200
32,2007-07-12,71200
32,2007-07-13,129200
32,2007-07-14,169300
32,2007-07-15,151200
32,2007-07-16,204800
32,2007-07-17,110100
32,2007-07-18,62200
32,2007-07-19,104400
32,2007-07-20,64900
32,2007-07-21,96600
32,2007-07-22,276900
32,2007-07-23,88100
32,2007-07-24,98600
32,2007-07-25,129500
32,2007-07-26,165000
32,2007-07-27,58400
32,2007-07-28,113500
32,2007-07-29,209600
32,2007-07-30,97400
32,2007-07-31,143400
33,2007-07-01,500100
33,2007-07-02,337300
33,2007-07-03,221400
33,2007-07-04,149000
33,2007-07-05,116900
33,2007-07-06,274400
33,2007-07-07,432400
33,2007-07-08,382000
33,2007-07-09,265900
33,2007-07-10,123800
33,2007-07-11,169500
33,2007-07-12,139600
33,2007-07-13,65400
33,2007-07-14,238000
33,2007-07-15,283300
33,2007-07-16,301500
33,2007-07-17,43800
33,2007-07-18,138400
33,2007-07-19,103800
33,2007-07-20,21400
33,2007-07-21,54000
33,2007-07-22,282000
33,2007-07-23,81400
33,2007-07-24,143900
33,2007-07-25,182000
33,2007-07-26,96000
33,2007-07-27,34100
33,2007-07-28,133200
33,2007-07-29,314200
33,2007-07-30,126700
33,2007-07-31,121700
30,2007-07-01,602500
30,2007-07-02,500400
30,2007-07-03,264400
30,2007-07-04,435000
30,2007-07-05,213800
30,2007-07-06,293500
30,2007-07-07,427800
30,2007-07-08,373800
30,2007-07-09,272300
30,2007-07-10,157600
30,2007-07-11,220500
30,2007-07-12,313400
30,2007-07-13,164600
30,2007-07-14,309900
30,2007-07-15,283400
30,2007-07-16,170200
30,2007-07-17,166200
30,2007-07-18,109600
30,2007-07-19,178300
30,2007-07-20,194600
30,2007-07-21,279600
30,2007-07-22,308800
30,2007-07-23,229800
30,2007-07-24,231186
30,2007-07-25,155200
30,2007-07-26,156400
30,2007-07-27,283400
30,2007-07-28,151100
30,2007-07-29,103600
30,2007-07-30,174000
30,2007-07-31,112000
31,2007-07-01,652100
31,2007-07-02,65900
31,2007-07-03,83100
31,2007-07-04,182300
31,2007-07-05,466200
31,2007-07-06,351300
31,2007-07-07,623500
31,2007-07-08,419500
31,2007-07-09,311000
31,2007-07-10,173700
31,2007-07-11,204900
31,2007-07-12,235700
31,2007-07-13,131100
31,2007-07-14,348000
31,2007-07-15,204300
31,2007-07-16,524700
31,2007-07-17,74600
31,2007-07-18,51200
31,2007-07-19,102300
31,2007-07-20,173800
31,2007-07-21,90900
31,2007-07-22,247500
31,2007-07-23,175400
31,2007-07-24,131900
31,2007-07-25,302800
31,2007-07-26,206200
31,2007-07-27,208900
31,2007-07-28,166200
31,2007-07-29,145800
31,2007-07-30,88300
31,2007-07-31,61800
69,2007-07-01,0
69,2007-07-02,0
69,2007-07-03,0
69,2007-07-04,0
69,2007-07-05,0
69,2007-07-06,0
69,2007-07-07,0
69,2007-07-08,0
69,2007-07-09,0
69,2007-07-10,0
69,2007-07-11,0
69,2007-07-12,0
69,2007-07-13,0
69,2007-07-14,0
69,2007-07-15,0
69,2007-07-16,0
69,2007-07-17,0
69,2007-07-18,0
69,2007-07-19,0
69,2007-07-20,0
69,2007-07-21,0
69,2007-07-22,0
69,2007-07-23,0
69,2007-07-24,0
69,2007-07-25,657100
69,2007-07-26,196900
69,2007-07-27,138200
69,2007-07-28,124900
69,2007-07-29,25900
69,2007-07-30,14300
69,2007-07-31,0
34,2007-07-01,438700
34,2007-07-02,314000
34,2007-07-03,317300
34,2007-07-04,160200
34,2007-07-05,249600
34,2007-07-06,121500
34,2007-07-07,317400
34,2007-07-08,261900
34,2007-07-09,162100
34,2007-07-10,55500
34,2007-07-11,150100
34,2007-07-12,186800
34,2007-07-13,134200
34,2007-07-14,103300
34,2007-07-15,274500
34,2007-07-16,230900
34,2007-07-17,73900
34,2007-07-18,85600
34,2007-07-19,72700
34,2007-07-20,40200
34,2007-07-21,89200
34,2007-07-22,291900
34,2007-07-23,109300
34,2007-07-24,94700
34,2007-07-25,139600
34,2007-07-26,51800
34,2007-07-27,160300
34,2007-07-28,325200
34,2007-07-29,168300
34,2007-07-30,218800
34,2007-07-31,108600
29,2007-07-01,723300
29,2007-07-02,302500
29,2007-07-03,307500
29,2007-07-04,200900
29,2007-07-05,256400
29,2007-07-06,193600
29,2007-07-07,610800
29,2007-07-08,336200
29,2007-07-09,125900
29,2007-07-10,130800
29,2007-07-11,351300
29,2007-07-12,192400
29,2007-07-13,107500
29,2007-07-14,329900
29,2007-07-15,519200
29,2007-07-16,292400
29,2007-07-17,202600
29,2007-07-18,118300
29,2007-07-19,223800
29,2007-07-20,131100
29,2007-07-21,242400
29,2007-07-22,336100
29,2007-07-23,64100
29,2007-07-24,122500
29,2007-07-25,106800
29,2007-07-26,171800
29,2007-07-27,150500
29,2007-07-28,168900
29,2007-07-29,282000
29,2007-07-30,89800
29,2007-07-31,121400
35,2007-07-01,517400
35,2007-07-02,182400
35,2007-07-03,212700
35,2007-07-04,205200
35,2007-07-05,330600
35,2007-07-06,162200
35,2007-07-07,274000
35,2007-07-08,143200
35,2007-07-09,108100
35,2007-07-10,62000
35,2007-07-11,86800
35,2007-07-12,189100
35,2007-07-13,162300
35,2007-07-14,145400
35,2007-07-15,147600
35,2007-07-16,290400
35,2007-07-17,152000
35,2007-07-18,83600
35,2007-07-19,59300
35,2007-07-20,89200
35,2007-07-21,153000
35,2007-07-22,171400
35,2007-07-23,28600
35,2007-07-24,17200
35,2007-07-25,63740
35,2007-07-26,139100
35,2007-07-27,151100
35,2007-07-28,59300
35,2007-07-29,228000
35,2007-07-30,73800
35,2007-07-31,182100
19,2007-07-01,951600
19,2007-07-02,504160
19,2007-07-03,400700
19,2007-07-04,250100
19,2007-07-05,421900
19,2007-07-06,249100
19,2007-07-07,519400
19,2007-07-08,329300
19,2007-07-09,281300
19,2007-07-10,210860
19,2007-07-11,273800
19,2007-07-12,222400
19,2007-07-13,266820
19,2007-07-14,102160
19,2007-07-15,335500
19,2007-07-16,269500
19,2007-07-17,154700
19,2007-07-18,132320
19,2007-07-19,168660
19,2007-07-20,200700
19,2007-07-21,270560
19,2007-07-22,329800
19,2007-07-23,116200
19,2007-07-24,230800
19,2007-07-25,141600
19,2007-07-26,360500
19,2007-07-27,296200
19,2007-07-28,189300
19,2007-07-29,309220
19,2007-07-30,166560
19,2007-07-31,104020
20,2007-07-01,758860
20,2007-07-02,350400
20,2007-07-03,334400
20,2007-07-04,373800
20,2007-07-05,310500
20,2007-07-06,293160
20,2007-07-07,480020
20,2007-07-08,478200
20,2007-07-09,134600
20,2007-07-10,277900
20,2007-07-11,234100
20,2007-07-12,368800
20,2007-07-13,140300
20,2007-07-14,258300
20,2007-07-15,305600
20,2007-07-16,350300
20,2007-07-17,163920
20,2007-07-18,164220
20,2007-07-19,202960
20,2007-07-20,234960
20,2007-07-21,380000
20,2007-07-22,321200
20,2007-07-23,152760
20,2007-07-24,231300
20,2007-07-25,260820
20,2007-07-26,140820
20,2007-07-27,183100
20,2007-07-28,407760
20,2007-07-29,417160
20,2007-07-30,174000
20,2007-07-31,126380
21,2007-07-01,560800
21,2007-07-02,170320
21,2007-07-03,243900
21,2007-07-04,247500
21,2007-07-05,272260
21,2007-07-06,117020
21,2007-07-07,240620
21,2007-07-08,241500
21,2007-07-09,120120
21,2007-07-10,68060
21,2007-07-11,208400
21,2007-07-12,151300
21,2007-07-13,138500
21,2007-07-14,150100
21,2007-07-15,333600
21,2007-07-16,210900
21,2007-07-17,163200
21,2007-07-18,280100
21,2007-07-19,218840
21,2007-07-20,307400
21,2007-07-21,258600
21,2007-07-22,153500
21,2007-07-23,73900
21,2007-07-24,103160
21,2007-07-25,132840
21,2007-07-26,171900
21,2007-07-27,94300
21,2007-07-28,471820
21,2007-07-29,286700
21,2007-07-30,72520
21,2007-07-31,388220
22,2007-07-01,914670
22,2007-07-02,432130
22,2007-07-03,552670
22,2007-07-04,319020
22,2007-07-05,497020
22,2007-07-06,264940
22,2007-07-07,625820
22,2007-07-08,571300
22,2007-07-09,186780
22,2007-07-10,210764
22,2007-07-11,266850
22,2007-07-12,245270
22,2007-07-13,255460
22,2007-07-14,418700
22,2007-07-15,178960
22,2007-07-16,603620
22,2007-07-17,191640
22,2007-07-18,315660
22,2007-07-19,231800
22,2007-07-20,461900
22,2007-07-21,611700
22,2007-07-22,509900
22,2007-07-23,162400
22,2007-07-24,290660
22,2007-07-25,401840
22,2007-07-26,354460
22,2007-07-27,501940
22,2007-07-28,572600
22,2007-07-29,353600
22,2007-07-30,270440
22,2007-07-31,546500
24,2007-07-01,382100
24,2007-07-02,112900
24,2007-07-03,274900
24,2007-07-04,114200
24,2007-07-05,341500
24,2007-07-06,179400
24,2007-07-07,238800
24,2007-07-08,302100
24,2007-07-09,129640
24,2007-07-10,42140
24,2007-07-11,193200
24,2007-07-12,181940
24,2007-07-13,44400
24,2007-07-14,29800
24,2007-07-15,122800
24,2007-07-16,242440
24,2007-07-17,143800
24,2007-07-18,107720
24,2007-07-19,182640
24,2007-07-20,59600
24,2007-07-21,175500
24,2007-07-22,132700
24,2007-07-23,109400
24,2007-07-24,57200
24,2007-07-25,111300
24,2007-07-26,151400
24,2007-07-27,182800
24,2007-07-28,153900
24,2007-07-29,59800
24,2007-07-30,344800
24,2007-07-31,279600
26,2007-07-01,987720
26,2007-07-02,274970
26,2007-07-03,341651
26,2007-07-04,278420
26,2007-07-05,243020
26,2007-07-06,444960
26,2007-07-07,422681
26,2007-07-08,659740
26,2007-07-09,150340
26,2007-07-10,343560
26,2007-07-11,220390
26,2007-07-12,275070
26,2007-07-13,280710
26,2007-07-14,353860
26,2007-07-15,302540
26,2007-07-16,272630
26,2007-07-17,309340
26,2007-07-18,236000
26,2007-07-19,127750
26,2007-07-20,382540
26,2007-07-21,772800
26,2007-07-22,110000
26,2007-07-23,364600
26,2007-07-24,217640
26,2007-07-25,143000
26,2007-07-26,282180
26,2007-07-27,185140
26,2007-07-28,537300
26,2007-07-29,394980
26,2007-07-30,269400
26,2007-07-31,438200
25,2007-07-01,164200
25,2007-07-02,282200
25,2007-07-03,471100
25,2007-07-04,13300
25,2007-07-05,369000
25,2007-07-06,128200
25,2007-07-07,189600
25,2007-07-08,557700
25,2007-07-09,56600
25,2007-07-10,143200
25,2007-07-11,217500
25,2007-07-12,216400
25,2007-07-13,24800
25,2007-07-14,142400
25,2007-07-15,236600
25,2007-07-16,560000
25,2007-07-17,92100
25,2007-07-18,41400
25,2007-07-19,118400
25,2007-07-20,123100
25,2007-07-21,267000
25,2007-07-22,183000
25,2007-07-23,2800
25,2007-07-24,345400
25,2007-07-25,515800
25,2007-07-26,105000
25,2007-07-27,270300
25,2007-07-28,28800
25,2007-07-29,382800
25,2007-07-30,85600
25,2007-07-31,214300
68,2007-07-01,352810
68,2007-07-02,134460
68,2007-07-03,89880
68,2007-07-04,165940
68,2007-07-05,147250
68,2007-07-06,160880
68,2007-07-07,204600
68,2007-07-08,206420
68,2007-07-09,130400
68,2007-07-10,96660
68,2007-07-11,66700
68,2007-07-12,55700
68,2007-07-13,157760
68,2007-07-14,300510
68,2007-07-15,134540
68,2007-07-16,247900
68,2007-07-17,174300
68,2007-07-18,58840
68,2007-07-19,103540
68,2007-07-20,36300
68,2007-07-21,151960
68,2007-07-22,74500
68,2007-07-23,15300
68,2007-07-24,56200
68,2007-07-25,38180
68,2007-07-26,28900
68,2007-07-27,110280
68,2007-07-28,69780
68,2007-07-29,76780
68,2007-07-30,127520
68,2007-07-31,86600
8,2007-07-01,480820
8,2007-07-02,260600
8,2007-07-03,401618
8,2007-07-04,305439
8,2007-07-05,131810
8,2007-07-06,251936
8,2007-07-07,403390
8,2007-07-08,400800
8,2007-07-09,301550
8,2007-07-10,734836
8,2007-07-11,327580
8,2007-07-12,549060
8,2007-07-13,219270
8,2007-07-14,223400
8,2007-07-15,281900
8,2007-07-16,129740
8,2007-07-17,197280
8,2007-07-18,253620
8,2007-07-19,856740
8,2007-07-20,451750
8,2007-07-21,443110
8,2007-07-22,165300
8,2007-07-23,573563
8,2007-07-24,175970
8,2007-07-25,753868
8,2007-07-26,398520
8,2007-07-27,478330
8,2007-07-28,529049
8,2007-07-29,178739
8,2007-07-30,387250
8,2007-07-31,1109200
11,2007-07-01,245400
11,2007-07-02,111010
11,2007-07-03,300100
11,2007-07-04,122230
11,2007-07-05,103600
11,2007-07-06,49010
11,2007-07-07,169300
11,2007-07-08,161500
11,2007-07-09,157280
11,2007-07-10,58110
11,2007-07-11,101650
11,2007-07-12,163800
11,2007-07-13,152700
11,2007-07-14,22250
11,2007-07-15,257820
11,2007-07-16,132167
11,2007-07-17,139500
11,2007-07-18,117600
11,2007-07-19,48560
11,2007-07-20,96700
11,2007-07-21,152400
11,2007-07-22,240710
11,2007-07-23,72080
11,2007-07-24,62200
11,2007-07-25,53110
11,2007-07-26,73740
11,2007-07-27,112000
11,2007-07-28,47300
11,2007-07-29,110700
11,2007-07-30,78460
11,2007-07-31,34100
2,2007-07-01,352000
2,2007-07-02,282700
2,2007-07-03,162600
2,2007-07-04,20600
2,2007-07-05,1125300
2,2007-07-06,341300
2,2007-07-07,289000
2,2007-07-08,339200
2,2007-07-09,181100
2,2007-07-10,117700
2,2007-07-11,137700
2,2007-07-12,147500
2,2007-07-13,118800
2,2007-07-14,313500
2,2007-07-15,335000
2,2007-07-16,441000
2,2007-07-17,144800
2,2007-07-18,63000
2,2007-07-19,101800
2,2007-07-20,58600
2,2007-07-21,155200
2,2007-07-22,294300
2,2007-07-23,160800
2,2007-07-24,39800
2,2007-07-25,231200
2,2007-07-26,50300
2,2007-07-27,211900
2,2007-07-28,249200
2,2007-07-29,186900
2,2007-07-30,294100
2,2007-07-31,183900
1,2007-07-01,1107600
1,2007-07-02,802800
1,2007-07-03,492200
1,2007-07-04,208400
1,2007-07-05,420900
1,2007-07-06,457600
1,2007-07-07,599100
1,2007-07-08,514100
1,2007-07-09,161700
1,2007-07-10,209200
1,2007-07-11,283100
1,2007-07-12,186600
1,2007-07-13,281600
1,2007-07-14,322000
1,2007-07-15,369500
1,2007-07-16,628100
1,2007-07-17,609600
1,2007-07-18,496700
1,2007-07-19,486400
1,2007-07-20,323000
1,2007-07-21,816600
1,2007-07-22,378800
1,2007-07-23,293300
1,2007-07-24,138000
1,2007-07-25,426900
1,2007-07-26,217900
1,2007-07-27,288300
1,2007-07-28,145700
1,2007-07-29,210600
1,2007-07-30,290300
1,2007-07-31,187800
4,2007-07-01,617800
4,2007-07-02,221700
4,2007-07-03,217000
4,2007-07-04,110600
4,2007-07-05,571000
4,2007-07-06,340800
4,2007-07-07,452700
4,2007-07-08,379400
4,2007-07-09,187600
4,2007-07-10,83800
4,2007-07-11,222100
4,2007-07-12,169800
4,2007-07-13,127500
4,2007-07-14,244000
4,2007-07-15,184000
4,2007-07-16,215900
4,2007-07-17,85600
4,2007-07-18,86000
4,2007-07-19,31500
4,2007-07-20,247800
4,2007-07-21,60600
4,2007-07-22,65600
4,2007-07-23,54400
4,2007-07-24,127000
4,2007-07-25,65900
4,2007-07-26,67000
4,2007-07-27,100100
4,2007-07-28,306500
4,2007-07-29,183200
4,2007-07-30,67400
4,2007-07-31,226100
5,2007-07-01,304900
5,2007-07-02,10000
5,2007-07-03,308300
5,2007-07-04,72900
5,2007-07-05,131300
5,2007-07-06,213300
5,2007-07-07,88100
5,2007-07-08,158400
5,2007-07-09,8400
5,2007-07-10,34400
5,2007-07-11,16700
5,2007-07-12,0
5,2007-07-13,854800
5,2007-07-14,138000
5,2007-07-15,94400
5,2007-07-16,488000
5,2007-07-17,16800
5,2007-07-18,310800
5,2007-07-19,159000
5,2007-07-20,121600
5,2007-07-21,59000
5,2007-07-22,45000
5,2007-07-23,33000
5,2007-07-24,95800
5,2007-07-25,219200
5,2007-07-26,13800
5,2007-07-27,164900
5,2007-07-28,159400
5,2007-07-29,104700
5,2007-07-30,193400
5,2007-07-31,182800
7,2007-07-01,523700
7,2007-07-02,440700
7,2007-07-03,235000
7,2007-07-04,222300
7,2007-07-05,117800
7,2007-07-06,216500
7,2007-07-07,360800
7,2007-07-08,407200
7,2007-07-09,111000
7,2007-07-10,138000
7,2007-07-11,176100
7,2007-07-12,238800
7,2007-07-13,97500
7,2007-07-14,129000
7,2007-07-15,169100
7,2007-07-16,259200
7,2007-07-17,126700
7,2007-07-18,86300
7,2007-07-19,83000
7,2007-07-20,320800
7,2007-07-21,119500
7,2007-07-22,132000
7,2007-07-23,191700
7,2007-07-24,90100
7,2007-07-25,99300
7,2007-07-26,186900
7,2007-07-27,161200
7,2007-07-28,167700
7,2007-07-29,88200
7,2007-07-30,493800
7,2007-07-31,82500
6,2007-07-01,439000
6,2007-07-02,330500
6,2007-07-03,135800
6,2007-07-04,176100
6,2007-07-05,100600
6,2007-07-06,233900
6,2007-07-07,270400
6,2007-07-08,141700
6,2007-07-09,96700
6,2007-07-10,180300
6,2007-07-11,31500
6,2007-07-12,30600
6,2007-07-13,81600
6,2007-07-14,102900
6,2007-07-15,148200
6,2007-07-16,318200
6,2007-07-17,51850
6,2007-07-18,71300
6,2007-07-19,50600
6,2007-07-20,178400
6,2007-07-21,179200
6,2007-07-22,201600
6,2007-07-23,121800
6,2007-07-24,5600
6,2007-07-25,45200
6,2007-07-26,100200
6,2007-07-27,56100
6,2007-07-28,186300
6,2007-07-29,89800
6,2007-07-30,64000
6,2007-07-31,79900
81,2007-07-01,0
81,2007-07-02,0
81,2007-07-03,0
81,2007-07-04,0
81,2007-07-05,0
81,2007-07-06,0
81,2007-07-07,0
81,2007-07-08,0
81,2007-07-09,0
81,2007-07-10,0
81,2007-07-11,0
81,2007-07-12,0
81,2007-07-13,0
81,2007-07-14,0
81,2007-07-15,0
81,2007-07-16,0
81,2007-07-17,0
81,2007-07-18,0
81,2007-07-19,0
81,2007-07-20,0
81,2007-07-21,0
81,2007-07-22,0
81,2007-07-23,0
81,2007-07-24,0
81,2007-07-25,0
81,2007-07-26,0
81,2007-07-27,0
81,2007-07-28,0
81,2007-07-29,0
81,2007-07-30,0
81,2007-07-31,0
73,2007-07-01,233460
73,2007-07-02,35300
73,2007-07-03,19800
73,2007-07-04,9800
73,2007-07-05,4800
73,2007-07-06,221700
73,2007-07-07,68300
73,2007-07-08,310100
73,2007-07-09,9800
73,2007-07-10,9000
73,2007-07-11,273800
73,2007-07-12,1840
73,2007-07-13,37800
73,2007-07-14,21000
73,2007-07-15,63100
73,2007-07-16,67500
73,2007-07-17,1840
73,2007-07-18,2000
73,2007-07-19,45800
73,2007-07-20,45500
73,2007-07-21,29400
73,2007-07-22,30600
73,2007-07-23,15600
73,2007-07-24,8400
73,2007-07-25,55200
73,2007-07-26,56500
73,2007-07-27,75600
73,2007-07-28,180600
73,2007-07-29,101900
73,2007-07-30,24400
73,2007-07-31,99400
66,2007-07-01,843700
66,2007-07-02,154500
66,2007-07-03,357650
66,2007-07-04,137350
66,2007-07-05,91400
66,2007-07-06,100800
66,2007-07-07,340000
66,2007-07-08,159100
66,2007-07-09,116500
66,2007-07-10,103950
66,2007-07-11,104500
66,2007-07-12,605200
66,2007-07-13,608600
66,2007-07-14,133400
66,2007-07-15,29500
66,2007-07-16,58650
66,2007-07-17,63800
66,2007-07-18,486050
66,2007-07-19,706400
66,2007-07-20,92200
66,2007-07-21,337450
66,2007-07-22,400900
66,2007-07-23,1081600
66,2007-07-24,222600
66,2007-07-25,371300
66,2007-07-26,109500
66,2007-07-27,92200
66,2007-07-28,400760
66,2007-07-29,232500
66,2007-07-30,85640
66,2007-07-31,298200
65,2007-07-01,744400
65,2007-07-02,206600
65,2007-07-03,204950
65,2007-07-04,574550
65,2007-07-05,423630
65,2007-07-06,139050
65,2007-07-07,390900
65,2007-07-08,270350
65,2007-07-09,117600
65,2007-07-10,139000
65,2007-07-11,85250
65,2007-07-12,598500
65,2007-07-13,295250
65,2007-07-14,138800
65,2007-07-15,212700
65,2007-07-16,750550
65,2007-07-17,71300
65,2007-07-18,601850
65,2007-07-19,165500
65,2007-07-20,79940
65,2007-07-21,388600
65,2007-07-22,1194210
65,2007-07-23,71600
65,2007-07-24,27000
65,2007-07-25,432140
65,2007-07-26,12300
65,2007-07-27,265490
65,2007-07-28,264400
65,2007-07-29,463600
65,2007-07-30,120600
65,2007-07-31,144500
59,2007-07-01,1082660
59,2007-07-02,964730
59,2007-07-03,446700
59,2007-07-04,611450
59,2007-07-05,722200
59,2007-07-06,514300
59,2007-07-07,766000
59,2007-07-08,360800
59,2007-07-09,254400
59,2007-07-10,463400
59,2007-07-11,514950
59,2007-07-12,291000
59,2007-07-13,321300
59,2007-07-14,646200
59,2007-07-15,694800
59,2007-07-16,402100
59,2007-07-17,616900
59,2007-07-18,653140
59,2007-07-19,176400
59,2007-07-20,327850
59,2007-07-21,1000600
59,2007-07-22,884100
59,2007-07-23,352520
59,2007-07-24,285100
59,2007-07-25,268100
59,2007-07-26,414950
59,2007-07-27,524400
59,2007-07-28,891400
59,2007-07-29,537100
59,2007-07-30,379500
59,2007-07-31,410660
60,2007-07-01,1514340
60,2007-07-02,616840
60,2007-07-03,443120
60,2007-07-04,517990
60,2007-07-05,235940
60,2007-07-06,465600
60,2007-07-07,904600
60,2007-07-08,789960
60,2007-07-09,200760
60,2007-07-10,270170
60,2007-07-11,251840
60,2007-07-12,279200
60,2007-07-13,300100
60,2007-07-14,130500
60,2007-07-15,524060
60,2007-07-16,572700
60,2007-07-17,220300
60,2007-07-18,327700
60,2007-07-19,172000
60,2007-07-20,385300
60,2007-07-21,351080
60,2007-07-22,538500
60,2007-07-23,371560
60,2007-07-24,141700
60,2007-07-25,419100
60,2007-07-26,170600
60,2007-07-27,273200
60,2007-07-28,304500
60,2007-07-29,574800
60,2007-07-30,276300
60,2007-07-31,200700
61,2007-07-01,1222800
61,2007-07-02,771500
61,2007-07-03,696500
61,2007-07-04,637800
61,2007-07-05,316800
61,2007-07-06,778100
61,2007-07-07,668200
61,2007-07-08,663400
61,2007-07-09,442600
61,2007-07-10,420100
61,2007-07-11,429800
61,2007-07-12,499000
61,2007-07-13,434400
61,2007-07-14,702100
61,2007-07-15,400300
61,2007-07-16,432400
61,2007-07-17,241900
61,2007-07-18,323600
61,2007-07-19,430400
61,2007-07-20,370800
61,2007-07-21,674000
61,2007-07-22,500700
61,2007-07-23,412900
61,2007-07-24,385700
61,2007-07-25,248900
61,2007-07-26,376500
61,2007-07-27,270700
61,2007-07-28,575000
61,2007-07-29,593000
61,2007-07-30,222400
61,2007-07-31,208400
10,2007-07-01,483280
10,2007-07-02,337720
10,2007-07-03,132160
10,2007-07-04,168240
10,2007-07-05,410960
10,2007-07-06,445000
10,2007-07-07,767660
10,2007-07-08,524340
10,2007-07-09,169800
10,2007-07-10,296880
10,2007-07-11,167540
10,2007-07-12,289760
10,2007-07-13,167740
10,2007-07-14,172600
10,2007-07-15,590680
10,2007-07-16,610800
10,2007-07-17,332340
10,2007-07-18,53600
10,2007-07-19,807580
10,2007-07-20,443240
10,2007-07-21,548960
10,2007-07-22,561640
10,2007-07-23,572620
10,2007-07-24,60200
10,2007-07-25,201220
10,2007-07-26,172440
10,2007-07-27,311540
10,2007-07-28,205380
10,2007-07-29,315460
10,2007-07-30,32940
10,2007-07-31,253040
62,2007-07-01,547200
62,2007-07-02,300000
62,2007-07-03,184950
62,2007-07-04,253700
62,2007-07-05,603100
62,2007-07-06,291500
62,2007-07-07,599300
62,2007-07-08,503500
62,2007-07-09,318300
62,2007-07-10,175700
62,2007-07-11,312100
62,2007-07-12,404600
62,2007-07-13,470000
62,2007-07-14,384000
62,2007-07-15,309000
62,2007-07-16,399700
62,2007-07-17,260200
62,2007-07-18,306700
62,2007-07-19,1280000
62,2007-07-20,1000160
62,2007-07-21,1239794
62,2007-07-22,1384660
62,2007-07-23,1003500
62,2007-07-24,208300
62,2007-07-25,265200
62,2007-07-26,246600
62,2007-07-27,208900
62,2007-07-28,324200
62,2007-07-29,205200
62,2007-07-30,176200
62,2007-07-31,356700
57,2007-07-01,633800
57,2007-07-02,111400
57,2007-07-03,265400
57,2007-07-04,388400
57,2007-07-05,92100
57,2007-07-06,585100
57,2007-07-07,1049900
57,2007-07-08,523600
57,2007-07-09,338300
57,2007-07-10,333600
57,2007-07-11,251800
57,2007-07-12,306100
57,2007-07-13,281700
57,2007-07-14,419100
57,2007-07-15,781400
57,2007-07-16,421300
57,2007-07-17,124000
57,2007-07-18,108900
57,2007-07-19,200400
57,2007-07-20,109500
57,2007-07-21,385900
57,2007-07-22,399300
57,2007-07-23,306400
57,2007-07-24,234600
57,2007-07-25,109300
57,2007-07-26,334300
57,2007-07-27,221600
57,2007-07-28,323200
57,2007-07-29,268600
57,2007-07-30,72000
57,2007-07-31,110000
63,2007-07-01,496600
63,2007-07-02,151000
63,2007-07-03,162400
63,2007-07-04,109600
63,2007-07-05,98000
63,2007-07-06,242200
63,2007-07-07,329000
63,2007-07-08,232000
63,2007-07-09,368100
63,2007-07-10,51000
63,2007-07-11,216000
63,2007-07-12,513000
63,2007-07-13,170400
63,2007-07-14,93500
63,2007-07-15,94200
63,2007-07-16,168800
63,2007-07-17,141000
63,2007-07-18,198600
63,2007-07-19,106100
63,2007-07-20,180000
63,2007-07-21,433600
63,2007-07-22,43000
63,2007-07-23,75500
63,2007-07-24,208000
63,2007-07-25,197000
63,2007-07-26,80000
63,2007-07-27,100400
63,2007-07-28,449000
63,2007-07-29,241700
63,2007-07-30,60000
63,2007-07-31,172200
64,2007-07-01,254500
64,2007-07-02,43000
64,2007-07-03,130000
64,2007-07-04,86000
64,2007-07-05,87000
64,2007-07-06,46500
64,2007-07-07,265600
64,2007-07-08,376000
64,2007-07-09,64000
64,2007-07-10,130000
64,2007-07-11,48900
64,2007-07-12,234000
64,2007-07-13,132800
64,2007-07-14,139800
64,2007-07-15,128000
64,2007-07-16,309000
64,2007-07-17,128500
64,2007-07-18,143500
64,2007-07-19,119500
64,2007-07-20,237000
64,2007-07-21,262700
64,2007-07-22,283100
64,2007-07-23,77000
64,2007-07-24,173600
64,2007-07-25,173500
64,2007-07-26,148100
64,2007-07-27,203000
64,2007-07-28,191500
64,2007-07-29,164000
64,2007-07-30,240000
64,2007-07-31,211000
53,2007-07-01,646800
53,2007-07-02,147600
53,2007-07-03,534300
53,2007-07-04,530900
53,2007-07-05,539100
53,2007-07-06,405600
53,2007-07-07,619600
53,2007-07-08,918700
53,2007-07-09,493600
53,2007-07-10,416600
53,2007-07-11,541400
53,2007-07-12,439200
53,2007-07-13,514180
53,2007-07-14,466700
53,2007-07-15,916200
53,2007-07-16,931700
53,2007-07-17,102200
53,2007-07-18,181200
53,2007-07-19,602600
53,2007-07-20,707100
53,2007-07-21,689250
53,2007-07-22,650300
53,2007-07-23,620500
53,2007-07-24,674300
53,2007-07-25,387600
53,2007-07-26,806400
53,2007-07-27,396400
53,2007-07-28,628200
53,2007-07-29,871100
53,2007-07-30,391000
53,2007-07-31,410700
54,2007-07-01,794500
54,2007-07-02,443500
54,2007-07-03,237500
54,2007-07-04,462800
54,2007-07-05,570800
54,2007-07-06,379900
54,2007-07-07,774600
54,2007-07-08,883900
54,2007-07-09,390400
54,2007-07-10,383800
54,2007-07-11,301300
54,2007-07-12,267900
54,2007-07-13,175000
54,2007-07-14,1352200
54,2007-07-15,742400
54,2007-07-16,469000
54,2007-07-17,216200
54,2007-07-18,395700
54,2007-07-19,196600
54,2007-07-20,193500
54,2007-07-21,568800
54,2007-07-22,728000
54,2007-07-23,647300
54,2007-07-24,135400
54,2007-07-25,475000
54,2007-07-26,105500
54,2007-07-27,390900
54,2007-07-28,671000
54,2007-07-29,704000
54,2007-07-30,219300
54,2007-07-31,370900
55,2007-07-01,704000
55,2007-07-02,628700
55,2007-07-03,219500
55,2007-07-04,456400
55,2007-07-05,450000
55,2007-07-06,436600
55,2007-07-07,891600
55,2007-07-08,991800
55,2007-07-09,238700
55,2007-07-10,123400
55,2007-07-11,572700
55,2007-07-12,614200
55,2007-07-13,845300
55,2007-07-14,466000
55,2007-07-15,730400
55,2007-07-16,488800
55,2007-07-17,254600
55,2007-07-18,469500
55,2007-07-19,206000
55,2007-07-20,414200
55,2007-07-21,664100
55,2007-07-22,953500
55,2007-07-23,337700
55,2007-07-24,887900
55,2007-07-25,550300
55,2007-07-26,552300
55,2007-07-27,525500
55,2007-07-28,864500
55,2007-07-29,637800
55,2007-07-30,301320
55,2007-07-31,301100
56,2007-07-01,546400
56,2007-07-02,255800
56,2007-07-03,230700
56,2007-07-04,364200
56,2007-07-05,250200
56,2007-07-06,75300
56,2007-07-07,295700
56,2007-07-08,598400
56,2007-07-09,113800
56,2007-07-10,119300
56,2007-07-11,87200
56,2007-07-12,131400
56,2007-07-13,206800
56,2007-07-14,141000
56,2007-07-15,262200
56,2007-07-16,427800
56,2007-07-17,68400
56,2007-07-18,188400
56,2007-07-19,121500
56,2007-07-20,150800
56,2007-07-21,273900
56,2007-07-22,233000
56,2007-07-23,208000
56,2007-07-24,94600
56,2007-07-25,117900
56,2007-07-26,180300
56,2007-07-27,204000
56,2007-07-28,363800
56,2007-07-29,550300
56,2007-07-30,119000
56,2007-07-31,70600
67,2007-07-01,178000
67,2007-07-02,18000
67,2007-07-03,0
67,2007-07-04,25600
67,2007-07-05,101400
67,2007-07-06,94500
67,2007-07-07,34000
67,2007-07-08,43800
67,2007-07-09,54200
67,2007-07-10,0
67,2007-07-11,69000
67,2007-07-12,32000
67,2007-07-13,35000
67,2007-07-14,16500
67,2007-07-15,11000
67,2007-07-16,20000
67,2007-07-17,0
67,2007-07-18,48000
67,2007-07-19,41600
67,2007-07-20,39800
67,2007-07-21,4080
67,2007-07-22,16800
67,2007-07-23,22800
67,2007-07-24,0
67,2007-07-25,43200
67,2007-07-26,100000
67,2007-07-27,20000
67,2007-07-28,28100
67,2007-07-29,37500
67,2007-07-30,152000
67,2007-07-31,53400
43,2007-07-01,748350
43,2007-07-02,800250
43,2007-07-03,413150
43,2007-07-04,331400
43,2007-07-05,559250
43,2007-07-06,419100
43,2007-07-07,602700
43,2007-07-08,490500
43,2007-07-09,209100
43,2007-07-10,326050
43,2007-07-11,435900
43,2007-07-12,163500
43,2007-07-13,305700
43,2007-07-14,346200
43,2007-07-15,201350
43,2007-07-16,394700
43,2007-07-17,217700
43,2007-07-18,397100
43,2007-07-19,147500
43,2007-07-20,274300
43,2007-07-21,219200
43,2007-07-22,200200
43,2007-07-23,111300
43,2007-07-24,297900
43,2007-07-25,234900
43,2007-07-26,177400
43,2007-07-27,280900
43,2007-07-28,200000
43,2007-07-29,213800
43,2007-07-30,135600
43,2007-07-31,149000
45,2007-07-01,822200
45,2007-07-02,402900
45,2007-07-03,309500
45,2007-07-04,283800
45,2007-07-05,245800
45,2007-07-06,427100
45,2007-07-07,383550
45,2007-07-08,254400
45,2007-07-09,234100
45,2007-07-10,181300
45,2007-07-11,153400
45,2007-07-12,183300
45,2007-07-13,200100
45,2007-07-14,343800
45,2007-07-15,323500
45,2007-07-16,328800
45,2007-07-17,159900
45,2007-07-18,177700
45,2007-07-19,155000
45,2007-07-20,151300
45,2007-07-21,459100
45,2007-07-22,283200
45,2007-07-23,191300
45,2007-07-24,154250
45,2007-07-25,215700
45,2007-07-26,315300
45,2007-07-27,203300
45,2007-07-28,244700
45,2007-07-29,269300
45,2007-07-30,254100
45,2007-07-31,257500
52,2007-07-01,686900
52,2007-07-02,667100
52,2007-07-03,450000
52,2007-07-04,520900
52,2007-07-05,428800
52,2007-07-06,323300
52,2007-07-07,374500
52,2007-07-08,278100
52,2007-07-09,423500
52,2007-07-10,184700
52,2007-07-11,87600
52,2007-07-12,130200
52,2007-07-13,266100
52,2007-07-14,338300
52,2007-07-15,232800
52,2007-07-16,239900
52,2007-07-17,125400
52,2007-07-18,254900
52,2007-07-19,187600
52,2007-07-20,153100
52,2007-07-21,1045500
52,2007-07-22,212800
52,2007-07-23,285800
52,2007-07-24,354400
52,2007-07-25,251000
52,2007-07-26,251000
52,2007-07-27,154000
52,2007-07-28,868700
52,2007-07-29,372700
52,2007-07-30,119900
52,2007-07-31,335400
48,2007-07-01,1369400
48,2007-07-02,513300
48,2007-07-03,616400
48,2007-07-04,500300
48,2007-07-05,391000
48,2007-07-06,274650
48,2007-07-07,525200
48,2007-07-08,601900
48,2007-07-09,274100
48,2007-07-10,229800
48,2007-07-11,220900
48,2007-07-12,427250
48,2007-07-13,253500
48,2007-07-14,416800
48,2007-07-15,282400
48,2007-07-16,355400
48,2007-07-17,259100
48,2007-07-18,421200
48,2007-07-19,205700
48,2007-07-20,330400
48,2007-07-21,524100
48,2007-07-22,424300
48,2007-07-23,150500
48,2007-07-24,212700
48,2007-07-25,424000
48,2007-07-26,702200
48,2007-07-27,483000
48,2007-07-28,215750
48,2007-07-29,550400
48,2007-07-30,469100
48,2007-07-31,386900
49,2007-07-01,1827900
49,2007-07-02,638600
49,2007-07-03,759400
49,2007-07-04,908100
49,2007-07-05,1161500
49,2007-07-06,679050
49,2007-07-07,1361650
49,2007-07-08,1310250
49,2007-07-09,494850
49,2007-07-10,540100
49,2007-07-11,663500
49,2007-07-12,504100
49,2007-07-13,543650
49,2007-07-14,812000
49,2007-07-15,926200
49,2007-07-16,919200
49,2007-07-17,554000
49,2007-07-18,681100
49,2007-07-19,341600
49,2007-07-20,494000
49,2007-07-21,926100
49,2007-07-22,701600
49,2007-07-23,504200
49,2007-07-24,509800
49,2007-07-25,590400
49,2007-07-26,756500
49,2007-07-27,547800
49,2007-07-28,734800
49,2007-07-29,913900
49,2007-07-30,448000
49,2007-07-31,658000
44,2007-07-01,3014650
44,2007-07-02,1067700
44,2007-07-03,1144000
44,2007-07-04,920900
44,2007-07-05,602950
44,2007-07-06,811750
44,2007-07-07,808850
44,2007-07-08,699750
44,2007-07-09,467500
44,2007-07-10,330000
44,2007-07-11,527700
44,2007-07-12,340700
44,2007-07-13,382500
44,2007-07-14,618400
44,2007-07-15,703400
44,2007-07-16,810100
44,2007-07-17,535500
44,2007-07-18,472700
44,2007-07-19,620100
44,2007-07-20,301800
44,2007-07-21,829200
44,2007-07-22,650900
44,2007-07-23,443600
44,2007-07-24,390900
44,2007-07-25,416300
44,2007-07-26,556600
44,2007-07-27,469200
44,2007-07-28,769400
44,2007-07-29,481000
44,2007-07-30,425000
44,2007-07-31,400200
50,2007-07-01,633000
50,2007-07-02,365800
50,2007-07-03,457700
50,2007-07-04,244700
50,2007-07-05,485500
50,2007-07-06,617500
50,2007-07-07,633800
50,2007-07-08,443800
50,2007-07-09,493800
50,2007-07-10,335000
50,2007-07-11,194300
50,2007-07-12,138900
50,2007-07-13,213900
50,2007-07-14,333300
50,2007-07-15,261100
50,2007-07-16,305100
50,2007-07-17,130800
50,2007-07-18,486800
50,2007-07-19,213300
50,2007-07-20,267200
50,2007-07-21,493900
50,2007-07-22,185900
50,2007-07-23,189700
50,2007-07-24,252600
50,2007-07-25,368700
50,2007-07-26,262000
50,2007-07-27,287400
50,2007-07-28,490100
50,2007-07-29,273800
50,2007-07-30,105300
50,2007-07-31,287500
51,2007-07-01,811800
51,2007-07-02,347800
51,2007-07-03,247100
51,2007-07-04,209100
51,2007-07-05,250500
51,2007-07-06,453400
51,2007-07-07,417500
51,2007-07-08,320200
51,2007-07-09,236900
51,2007-07-10,250900
51,2007-07-11,179500
51,2007-07-12,178700
51,2007-07-13,308200
51,2007-07-14,222900
51,2007-07-15,200700
51,2007-07-16,220800
51,2007-07-17,141600
51,2007-07-18,197400
51,2007-07-19,150800
51,2007-07-20,333800
51,2007-07-21,328600
51,2007-07-22,302600
51,2007-07-23,158600
51,2007-07-24,200300
51,2007-07-25,170800
51,2007-07-26,241200
51,2007-07-27,211500
51,2007-07-28,201600
51,2007-07-29,216900
51,2007-07-30,222500
51,2007-07-31,316800
38,2007-07-01,1212910
38,2007-07-02,691360
38,2007-07-03,613500
38,2007-07-04,465560
38,2007-07-05,325700
38,2007-07-06,382010
38,2007-07-07,490440
38,2007-07-08,457560
38,2007-07-09,183400
38,2007-07-10,392010
38,2007-07-11,314600
38,2007-07-12,190920
38,2007-07-13,615980
38,2007-07-14,163770
38,2007-07-15,217540
38,2007-07-16,319800
38,2007-07-17,234500
38,2007-07-18,411300
38,2007-07-19,250600
38,2007-07-20,248900
38,2007-07-21,107970
38,2007-07-22,178200
38,2007-07-23,223500
38,2007-07-24,120400
38,2007-07-25,521500
38,2007-07-26,183670
38,2007-07-27,283100
38,2007-07-28,209500
38,2007-07-29,293400
38,2007-07-30,202620
38,2007-07-31,232600
36,2007-07-01,1004840
36,2007-07-02,498070
36,2007-07-03,409900
36,2007-07-04,394600
36,2007-07-05,2090900
36,2007-07-06,956970
36,2007-07-07,1180170
36,2007-07-08,781400
36,2007-07-09,489900
36,2007-07-10,245500
36,2007-07-11,335800
36,2007-07-12,579340
36,2007-07-13,413500
36,2007-07-14,314200
36,2007-07-15,440570
36,2007-07-16,666600
36,2007-07-17,136600
36,2007-07-18,291700
36,2007-07-19,160800
36,2007-07-20,263400
36,2007-07-21,530470
36,2007-07-22,183300
36,2007-07-23,226300
36,2007-07-24,310900
36,2007-07-25,207400
36,2007-07-26,222700
36,2007-07-27,185600
36,2007-07-28,747200
36,2007-07-29,628970
36,2007-07-30,101700
36,2007-07-31,121300
41,2007-07-01,1197100
41,2007-07-02,791400
41,2007-07-03,308000
41,2007-07-04,202200
41,2007-07-05,370100
41,2007-07-06,487900
41,2007-07-07,509900
41,2007-07-08,454900
41,2007-07-09,207700
41,2007-07-10,237600
41,2007-07-11,201400
41,2007-07-12,239100
41,2007-07-13,260700
41,2007-07-14,174700
41,2007-07-15,374000
41,2007-07-16,222900
41,2007-07-17,84550
41,2007-07-18,400100
41,2007-07-19,253800
41,2007-07-20,228300
41,2007-07-21,262700
41,2007-07-22,189200
41,2007-07-23,203700
41,2007-07-24,290700
41,2007-07-25,127100
41,2007-07-26,122400
41,2007-07-27,223800
41,2007-07-28,479200
41,2007-07-29,269500
41,2007-07-30,230500
41,2007-07-31,496800
39,2007-07-01,575900
39,2007-07-02,326600
39,2007-07-03,458170
39,2007-07-04,216200
39,2007-07-05,230800
39,2007-07-06,147270
39,2007-07-07,269500
39,2007-07-08,185870
39,2007-07-09,183370
39,2007-07-10,61600
39,2007-07-11,201300
39,2007-07-12,164300
39,2007-07-13,69000
39,2007-07-14,71700
39,2007-07-15,353200
39,2007-07-16,216200
39,2007-07-17,165700
39,2007-07-18,162000
39,2007-07-19,95100
39,2007-07-20,159100
39,2007-07-21,195600
39,2007-07-22,181800
39,2007-07-23,142300
39,2007-07-24,128200
39,2007-07-25,67600
39,2007-07-26,164100
39,2007-07-27,236600
39,2007-07-28,150600
39,2007-07-29,108200
39,2007-07-30,103400
39,2007-07-31,219800
70,2007-07-01,290100
70,2007-07-02,100600
70,2007-07-03,190100
70,2007-07-04,181200
70,2007-07-05,204100
70,2007-07-06,171100
70,2007-07-07,231300
70,2007-07-08,179100
70,2007-07-09,167400
70,2007-07-10,123400
70,2007-07-11,147800
70,2007-07-12,71200
70,2007-07-13,169200
70,2007-07-14,101600
70,2007-07-15,154800
70,2007-07-16,62000
70,2007-07-17,109000
70,2007-07-18,122600
70,2007-07-19,182700
70,2007-07-20,48600
70,2007-07-21,81900
70,2007-07-22,207300
70,2007-07-23,93800
70,2007-07-24,81200
70,2007-07-25,168500
70,2007-07-26,99600
70,2007-07-27,138700
70,2007-07-28,102100
70,2007-07-29,117300
70,2007-07-30,63500
70,2007-07-31,96700
40,2007-07-01,24500
40,2007-07-02,8700
40,2007-07-03,0
40,2007-07-04,0
40,2007-07-05,46400
40,2007-07-06,2000
40,2007-07-07,16400
40,2007-07-08,13000
40,2007-07-09,4500
40,2007-07-10,0
40,2007-07-11,0
40,2007-07-12,19600
40,2007-07-13,59300
40,2007-07-14,75200
40,2007-07-15,0
40,2007-07-16,77400
40,2007-07-17,0
40,2007-07-18,10600
40,2007-07-19,9900
40,2007-07-20,49000
40,2007-07-21,0
40,2007-07-22,13700
40,2007-07-23,0
40,2007-07-24,0
40,2007-07-25,62100
40,2007-07-26,87400
40,2007-07-27,39400
40,2007-07-28,71000
40,2007-07-29,57240
40,2007-07-30,10800
40,2007-07-31,0
42,2007-07-01,539300
42,2007-07-02,256570
42,2007-07-03,364170
42,2007-07-04,112900
42,2007-07-05,130900
42,2007-07-06,175000
42,2007-07-07,230000
42,2007-07-08,234400
42,2007-07-09,29400
42,2007-07-10,89700
42,2007-07-11,215700
42,2007-07-12,158100
42,2007-07-13,102100
42,2007-07-14,52500
42,2007-07-15,184100
42,2007-07-16,356800
42,2007-07-17,215200
42,2007-07-18,206000
42,2007-07-19,193400
42,2007-07-20,79300
42,2007-07-21,552310
42,2007-07-22,135300
42,2007-07-23,44700
42,2007-07-24,107500
42,2007-07-25,218900
42,2007-07-26,130300
42,2007-07-27,253400
42,2007-07-28,279000
42,2007-07-29,301100
42,2007-07-30,105000
42,2007-07-31,79300
9,2007-07-01,40500
9,2007-07-02,7280
9,2007-07-03,0
9,2007-07-04,0
9,2007-07-05,7880
9,2007-07-06,6900
9,2007-07-07,0
9,2007-07-08,30300
9,2007-07-09,0
9,2007-07-10,3680
9,2007-07-11,23340
9,2007-07-12,34100
9,2007-07-13,26420
9,2007-07-14,0
9,2007-07-15,41000
9,2007-07-16,0
9,2007-07-17,12400
9,2007-07-18,4600
9,2007-07-19,4100
9,2007-07-20,100
9,2007-07-21,46000
9,2007-07-22,14100
9,2007-07-23,0
9,2007-07-24,2000
9,2007-07-25,83900
9,2007-07-26,50200
9,2007-07-27,6400
9,2007-07-28,26300
9,2007-07-29,0
9,2007-07-30,8600
9,2007-07-31,7300
58,2007-07-01,1013700
58,2007-07-02,525200
58,2007-07-03,742900
58,2007-07-04,323200
58,2007-07-05,335200
58,2007-07-06,668700
58,2007-07-07,436800
58,2007-07-08,618140
58,2007-07-09,364900
58,2007-07-10,242600
58,2007-07-11,366900
58,2007-07-12,328800
58,2007-07-13,102100
58,2007-07-14,220500
58,2007-07-15,253900
58,2007-07-16,581600
58,2007-07-17,281200
58,2007-07-18,460800
58,2007-07-19,280100
58,2007-07-20,254500
58,2007-07-21,420200
58,2007-07-22,474000
58,2007-07-23,395300
58,2007-07-24,302000
58,2007-07-25,300000
58,2007-07-26,224500
58,2007-07-27,421200
58,2007-07-28,247000
58,2007-07-29,375200
58,2007-07-30,345300
58,2007-07-31,462400
75,2007-07-01,421200
75,2007-07-02,344100
75,2007-07-03,406700
75,2007-07-04,455100
75,2007-07-05,245200
75,2007-07-06,382300
75,2007-07-07,247700
75,2007-07-08,228200
75,2007-07-09,145400
75,2007-07-10,121500
75,2007-07-11,290900
75,2007-07-12,172400
75,2007-07-13,274700
75,2007-07-14,94800
75,2007-07-15,185500
75,2007-07-16,60300
75,2007-07-17,182100
75,2007-07-18,154100
75,2007-07-19,140100
75,2007-07-20,219500
75,2007-07-21,207600
75,2007-07-22,114900
75,2007-07-23,202700
75,2007-07-24,86200
75,2007-07-25,189400
75,2007-07-26,136800
75,2007-07-27,188900
75,2007-07-28,224300
75,2007-07-29,224200
75,2007-07-30,198000
75,2007-07-31,188400
76,2007-07-01,2390360
76,2007-07-02,1165500
76,2007-07-03,1511910
76,2007-07-04,821750
76,2007-07-05,464560
76,2007-07-06,959630
76,2007-07-07,1744760
76,2007-07-08,1098750
76,2007-07-09,774680
76,2007-07-10,603030
76,2007-07-11,638820
76,2007-07-12,608140
76,2007-07-13,721300
76,2007-07-14,513920
76,2007-07-15,727100
76,2007-07-16,745350
76,2007-07-17,422740
76,2007-07-18,506780
76,2007-07-19,839680
76,2007-07-20,321870
76,2007-07-21,888900
76,2007-07-22,474900
76,2007-07-23,438550
76,2007-07-24,503900
76,2007-07-25,884900
76,2007-07-26,2648700
76,2007-07-27,1001040
76,2007-07-28,1385700
76,2007-07-29,1023920
76,2007-07-30,594050
76,2007-07-31,502200
72,2007-07-01,118100
72,2007-07-02,13900
72,2007-07-03,51600
72,2007-07-04,41300
72,2007-07-05,157700
72,2007-07-06,46200
72,2007-07-07,50800
72,2007-07-08,74900
72,2007-07-09,95600
72,2007-07-10,61500
72,2007-07-11,95900
72,2007-07-12,117800
72,2007-07-13,22000
72,2007-07-14,110400
72,2007-07-15,56900
72,2007-07-16,117100
72,2007-07-17,84600
72,2007-07-18,39000
72,2007-07-19,106600
72,2007-07-20,18200
72,2007-07-21,26900
72,2007-07-22,61000
72,2007-07-23,89000
72,2007-07-24,73900
72,2007-07-25,13900
72,2007-07-26,13200
72,2007-07-27,54500
72,2007-07-28,38000
72,2007-07-29,94500
72,2007-07-30,44700
72,2007-07-31,96500
78,2007-07-01,1686
78,2007-07-02,2462
78,2007-07-03,1456
78,2007-07-04,0
78,2007-07-05,1304
78,2007-07-06,2009
78,2007-07-07,1229
78,2007-07-08,1345
78,2007-07-09,179
78,2007-07-10,639
78,2007-07-11,0
78,2007-07-12,1190
78,2007-07-13,1519
78,2007-07-14,4288
78,2007-07-15,963
78,2007-07-16,3081
78,2007-07-17,1826
78,2007-07-18,1035
78,2007-07-19,1384
78,2007-07-20,3577
78,2007-07-21,4474
78,2007-07-22,731
78,2007-07-23,290
78,2007-07-24,605
78,2007-07-25,2415
78,2007-07-26,2642
78,2007-07-27,1251
78,2007-07-28,1650
78,2007-07-29,1802
78,2007-07-30,3147
78,2007-07-31,799
79,2007-07-01,11840
79,2007-07-02,14896
79,2007-07-03,13450
79,2007-07-04,14815
79,2007-07-05,1390
79,2007-07-06,14360
79,2007-07-07,9552
79,2007-07-08,9858
79,2007-07-09,10173
79,2007-07-10,8620
79,2007-07-11,6650
79,2007-07-12,9780
79,2007-07-13,10255
79,2007-07-14,8880
79,2007-07-15,10695
79,2007-07-16,14782
79,2007-07-17,12975
79,2007-07-18,3065
79,2007-07-19,6155
79,2007-07-20,15557
79,2007-07-21,10615
79,2007-07-22,15838
79,2007-07-23,10724
79,2007-07-24,2930
79,2007-07-25,14946
79,2007-07-26,14636
79,2007-07-27,8677
79,2007-07-28,3747
79,2007-07-29,13395
79,2007-07-30,4596
79,2007-07-31,12439
80,2007-07-01,0
80,2007-07-02,666
80,2007-07-03,810
80,2007-07-04,602
80,2007-07-05,263
80,2007-07-06,414
80,2007-07-07,852
80,2007-07-08,0
80,2007-07-09,671
80,2007-07-10,269
80,2007-07-11,763
80,2007-07-12,814
80,2007-07-13,247
80,2007-07-14,0
80,2007-07-15,0
80,2007-07-16,391
80,2007-07-17,268
80,2007-07-18,747
80,2007-07-19,620
80,2007-07-20,1068
80,2007-07-21,634
80,2007-07-22,0
80,2007-07-23,961
80,2007-07-24,121
80,2007-07-25,492
80,2007-07-26,41
80,2007-07-27,268
80,2007-07-28,819
80,2007-07-29,0
80,2007-07-30,164
80,2007-07-31,0
