ID,日付,昨年実績,日割予算,売上実績,取置き,新規獲得顧客,客数
12,2007/10/1,219800,250000,143000,249800,1,6
12,2007/10/2,347400,250000,238500,249800,0,13
12,2007/10/3,311900,250000,322600,0,2,12
12,2007/10/4,250600,250000,216800,0,0,10
12,2007/10/5,253900,250000,168000,0,0,11
12,2007/10/6,426900,450000,360800,0,0,16
12,2007/10/7,605000,450000,285200,0,0,21
12,2007/10/8,511000,450000,382600,0,1,16
12,2007/10/9,207000,250000,201300,0,0,10
12,2007/10/10,215100,250000,239100,0,2,12
12,2007/10/11,252400,250000,173000,0,1,9
12,2007/10/12,305900,250000,153600,0,1,8
12,2007/10/13,314100,400000,342900,0,0,15
12,2007/10/14,486800,400000,311700,0,0,18
12,2007/10/15,158600,200000,108900,0,1,8
12,2007/10/16,174800,200000,251100,0,0,11
12,2007/10/17,267200,200000,228300,0,0,13
12,2007/10/18,158900,200000,149900,0,0,8
12,2007/10/19,242500,200000,195400,0,0,10
12,2007/10/20,411100,400000,301500,0,2,15
12,2007/10/21,333400,400000,300000,0,0,16
12,2007/10/22,156000,200000,331800,0,0,14
12,2007/10/23,152500,200000,47700,0,0,2
12,2007/10/24,283400,200000,225400,0,0,12
12,2007/10/25,156700,200000,163200,0,0,8
12,2007/10/26,397900,200000,225100,0,1,11
12,2007/10/27,306300,350000,347400,0,0,13
12,2007/10/28,414900,350000,295900,0,0,14
12,2007/10/29,261500,200000,128500,0,0,9
12,2007/10/30,329700,200000,155200,0,0,8
12,2007/10/31,256700,200000,100100,0,0,6
23,2007/10/1,0,180000,22000,0,0,1
23,2007/10/2,0,180000,120700,9000,1,6
23,2007/10/3,0,150000,281000,0,2,4
23,2007/10/4,0,150000,12000,0,0,1
23,2007/10/5,0,150000,108800,12000,0,3
23,2007/10/6,0,250000,64420,0,1,8
23,2007/10/7,0,300000,225800,0,3,8
23,2007/10/8,0,250000,50560,0,1,4
23,2007/10/9,0,180000,33800,0,1,2
23,2007/10/10,0,150000,292600,0,1,6
23,2007/10/11,0,150000,107000,59000,0,16
23,2007/10/12,0,150000,151840,0,1,6
23,2007/10/13,0,230000,204300,34800,1,5
23,2007/10/14,0,270000,101800,62000,2,2
23,2007/10/15,0,170000,176000,0,3,5
23,2007/10/16,0,170000,170400,0,2,5
23,2007/10/17,0,130000,213600,0,1,4
23,2007/10/18,0,130000,173600,0,2,5
23,2007/10/19,0,150000,130800,0,1,6
23,2007/10/20,0,230000,233400,57000,1,3
23,2007/10/21,0,270000,139600,0,3,6
23,2007/10/22,0,150000,183000,388800,2,3
23,2007/10/23,0,150000,193800,0,4,5
23,2007/10/24,0,130000,61800,0,2,2
23,2007/10/25,0,150000,56300,0,1,3
23,2007/10/26,0,450000,302600,54800,2,8
23,2007/10/27,0,230000,246800,0,2,6
23,2007/10/28,0,270000,360000,44800,2,6
23,2007/10/29,0,180000,16800,0,0,1
23,2007/10/30,0,150000,71200,0,0,2
23,2007/10/31,0,150000,58800,42000,1,3
14,2007/10/1,273800,250000,224400,38300,0,17
14,2007/10/2,205500,250000,235800,16300,0,14
14,2007/10/3,410200,250000,409000,0,1,25
14,2007/10/4,251100,250000,329400,0,0,28
14,2007/10/5,152600,250000,318800,37500,1,18
14,2007/10/6,405000,400000,363000,0,0,20
14,2007/10/7,370400,400000,302500,0,1,22
14,2007/10/8,350100,350000,530700,0,0,32
14,2007/10/9,253100,250000,256000,37000,3,18
14,2007/10/10,313500,250000,258800,0,2,14
14,2007/10/11,138900,250000,189100,0,0,15
14,2007/10/12,237000,250000,100700,0,0,11
14,2007/10/13,302900,400000,406100,0,2,28
14,2007/10/14,334700,400000,260400,7800,0,19
14,2007/10/15,271500,200000,206500,47800,1,14
14,2007/10/16,302000,200000,231600,0,0,19
14,2007/10/17,132400,200000,127600,0,0,10
14,2007/10/18,201200,200000,268400,0,0,17
14,2007/10/19,156000,200000,278000,21300,2,24
14,2007/10/20,239100,350000,304200,41100,1,28
14,2007/10/21,258900,350000,470400,0,3,25
14,2007/10/22,104900,200000,143000,23700,2,10
14,2007/10/23,254500,200000,318800,27200,0,23
14,2007/10/24,278700,200000,204100,0,0,14
14,2007/10/25,218700,200000,254700,0,1,18
14,2007/10/26,259300,250000,216300,65400,1,14
14,2007/10/27,414600,400000,387700,23200,0,24
14,2007/10/28,318200,400000,290900,16400,0,25
14,2007/10/29,251200,250000,293600,0,0,21
14,2007/10/30,285900,250000,259000,15300,1,20
14,2007/10/31,152800,250000,234200,0,0,15
15,2007/10/1,396300,350000,360700,0,0,17
15,2007/10/2,338800,350000,419100,69500,0,17
15,2007/10/3,231600,350000,442400,0,0,21
15,2007/10/4,385900,350000,517700,0,0,25
15,2007/10/5,234600,400000,374500,12800,0,13
15,2007/10/6,514400,650000,527300,0,1,28
15,2007/10/7,551400,650000,668600,0,0,32
15,2007/10/8,593400,600000,504400,0,0,29
15,2007/10/9,321200,350000,306000,0,0,20
15,2007/10/10,334700,350000,337200,28600,1,15
15,2007/10/11,266900,350000,305300,0,0,17
15,2007/10/12,368600,350000,172800,25600,0,11
15,2007/10/13,538400,650000,670800,15800,0,38
15,2007/10/14,534200,600000,426700,0,1,28
15,2007/10/15,215300,350000,258400,0,0,13
15,2007/10/16,338200,350000,391800,0,0,16
15,2007/10/17,202000,350000,344300,0,0,18
15,2007/10/18,257200,350000,272200,0,0,19
15,2007/10/19,285200,350000,227600,0,0,16
15,2007/10/20,216000,550000,334300,4000,0,23
15,2007/10/21,392900,500000,558200,0,1,27
15,2007/10/22,389100,400000,166200,0,0,12
15,2007/10/23,447700,400000,293100,0,0,16
15,2007/10/24,389000,400000,345300,0,2,16
15,2007/10/25,307800,400000,166000,19700,0,10
15,2007/10/26,258400,400000,315100,0,1,20
15,2007/10/27,492800,600000,701100,0,2,32
15,2007/10/28,509800,550000,532500,0,0,25
15,2007/10/29,382400,400000,207300,0,0,14
15,2007/10/30,376200,400000,403800,0,0,20
15,2007/10/31,400300,400000,390300,0,1,20
17,2007/10/1,450700,450000,389000,12800,2,21
17,2007/10/2,350800,400000,406000,40900,4,21
17,2007/10/3,483500,400000,485300,0,2,24
17,2007/10/4,316300,400000,458900,0,2,22
17,2007/10/5,450800,400000,572700,0,1,30
17,2007/10/6,601200,700000,612800,0,0,42
17,2007/10/7,625600,650000,517700,0,1,39
17,2007/10/8,754200,650000,479600,0,4,34
17,2007/10/9,351100,400000,360600,32000,1,21
17,2007/10/10,301500,400000,362500,0,0,19
17,2007/10/11,350300,400000,504800,0,2,28
17,2007/10/12,389900,400000,411900,0,1,30
17,2007/10/13,604500,650000,624200,0,4,39
17,2007/10/14,654600,700000,606800,0,3,36
17,2007/10/15,714700,450000,522300,0,1,30
17,2007/10/16,302100,400000,401600,0,0,27
17,2007/10/17,422800,400000,312400,32000,0,22
17,2007/10/18,303900,400000,429500,0,2,23
17,2007/10/19,300800,400000,447900,0,0,27
17,2007/10/20,565900,650000,633400,0,1,42
17,2007/10/21,763700,700000,585200,0,2,36
17,2007/10/22,301500,450000,525100,0,2,24
17,2007/10/23,403200,400000,575400,13000,4,27
17,2007/10/24,358600,400000,475900,0,2,28
17,2007/10/25,417700,400000,565700,0,3,36
17,2007/10/26,303800,400000,522600,0,3,26
17,2007/10/27,550200,650000,960100,0,2,50
17,2007/10/28,613900,650000,620100,0,0,35
17,2007/10/29,494200,450000,492800,0,2,24
17,2007/10/30,392800,400000,678280,0,2,25
17,2007/10/31,606000,400000,427980,0,2,23
18,2007/10/1,96400,200000,457200,0,0,22
18,2007/10/2,240100,200000,162200,0,0,10
18,2007/10/3,232800,200000,136500,0,2,7
18,2007/10/4,140100,200000,180900,13000,2,10
18,2007/10/5,231200,200000,179900,0,0,9
18,2007/10/6,340500,350000,279400,0,2,11
18,2007/10/7,270900,300000,341600,0,3,17
18,2007/10/8,365200,300000,322500,0,0,12
18,2007/10/9,199300,250000,122000,0,0,5
18,2007/10/10,432400,250000,133600,0,0,10
18,2007/10/11,137500,250000,348600,0,0,15
18,2007/10/12,87700,250000,173100,0,0,6
18,2007/10/13,318700,350000,285700,0,0,13
18,2007/10/14,439500,300000,466200,0,6,22
18,2007/10/15,287000,250000,124800,0,0,3
18,2007/10/16,217500,250000,314200,0,0,15
18,2007/10/17,171500,250000,243600,0,2,16
18,2007/10/18,285400,250000,243100,0,0,8
18,2007/10/19,153900,250000,262700,0,0,10
18,2007/10/20,384800,300000,234600,0,0,20
18,2007/10/21,341500,300000,305200,0,0,16
18,2007/10/22,214400,200000,243800,0,0,11
18,2007/10/23,97900,200000,140100,0,0,9
18,2007/10/24,268000,200000,328100,0,0,16
18,2007/10/25,206800,250000,370400,0,0,17
18,2007/10/26,219000,250000,163000,0,0,9
18,2007/10/27,354200,350000,446700,0,0,21
18,2007/10/28,429400,350000,310100,0,0,18
18,2007/10/29,371900,250000,223000,0,0,11
18,2007/10/30,122300,250000,319300,0,0,14
18,2007/10/31,177100,250000,322100,0,0,9
13,2007/10/1,355400,350000,305900,0,3,20
13,2007/10/2,307000,350000,419600,100100,6,12
13,2007/10/3,311500,350000,179000,0,4,18
13,2007/10/4,243000,350000,315100,0,3,10
13,2007/10/5,304900,350000,221200,50500,1,16
13,2007/10/6,412600,600000,467700,88000,6,25
13,2007/10/7,651000,600000,360800,37000,6,18
13,2007/10/8,708700,500000,366300,57750,4,17
13,2007/10/9,254800,400000,319100,0,1,21
13,2007/10/10,354500,400000,350300,697000,2,15
13,2007/10/11,407100,400000,447000,20000,3,17
13,2007/10/12,230600,400000,123500,45000,1,11
13,2007/10/13,454800,450000,614300,110500,1,15
13,2007/10/14,339800,450000,318400,406500,1,13
13,2007/10/15,167700,300000,302400,115400,1,11
13,2007/10/16,687200,300000,316600,89000,4,15
13,2007/10/17,150200,300000,201100,0,1,12
13,2007/10/18,371800,300000,283600,38000,1,18
13,2007/10/19,432000,300000,201200,42000,1,15
13,2007/10/20,2098380,3000000,2488960,38000,5,59
13,2007/10/21,1000180,1500000,1505200,0,2,37
13,2007/10/22,345100,450000,427500,0,2,9
13,2007/10/23,191700,450000,128200,64000,2,7
13,2007/10/24,477800,450000,201100,0,1,11
13,2007/10/25,308200,450000,212800,0,0,11
13,2007/10/26,359800,450000,348000,69800,1,12
13,2007/10/27,620800,800000,394600,0,2,17
13,2007/10/28,815700,800000,739200,32000,3,20
13,2007/10/29,501300,400000,580600,48000,9,19
13,2007/10/30,265700,400000,281100,0,1,12
13,2007/10/31,461800,400000,624000,0,4,16
28,2007/10/1,83000,150000,150000,0,0,8
28,2007/10/2,158500,150000,106400,15800,1,6
28,2007/10/3,225400,200000,190600,0,0,9
28,2007/10/4,181600,150000,129000,0,0,5
28,2007/10/5,61600,150000,101600,0,0,6
28,2007/10/6,288300,350000,156300,0,0,6
28,2007/10/7,352400,450000,460100,0,1,14
28,2007/10/8,269800,500000,354200,0,2,13
28,2007/10/9,142000,150000,151600,0,0,8
28,2007/10/10,37300,200000,32600,0,0,2
28,2007/10/11,46000,150000,150800,66000,0,6
28,2007/10/12,101000,150000,46800,0,0,5
28,2007/10/13,436500,400000,277000,37000,2,13
28,2007/10/14,416300,500000,208400,0,0,11
28,2007/10/15,109700,150000,160100,0,1,9
28,2007/10/16,79800,150000,221400,0,2,7
28,2007/10/17,167500,200000,153600,0,1,8
28,2007/10/18,204000,150000,20400,0,0,2
28,2007/10/19,77800,150000,82500,28000,0,4
28,2007/10/20,179800,350000,400900,14000,2,17
28,2007/10/21,136400,450000,370400,0,4,15
28,2007/10/22,56800,150000,202200,146000,0,5
28,2007/10/23,52800,150000,137100,0,1,9
28,2007/10/24,161000,200000,268700,0,1,11
28,2007/10/25,25700,150000,127200,0,1,5
28,2007/10/26,226900,150000,150000,0,0,9
28,2007/10/27,544200,450000,548100,0,0,22
28,2007/10/28,357300,500000,609000,0,2,25
28,2007/10/29,162300,150000,158700,28000,1,8
28,2007/10/30,167000,150000,205300,0,1,8
28,2007/10/31,198300,200000,226900,0,0,8
16,2007/10/1,206100,200000,185900,0,0,8
16,2007/10/2,153200,200000,166500,0,0,8
16,2007/10/3,226400,200000,169900,0,0,7
16,2007/10/4,324500,200000,209100,0,0,11
16,2007/10/5,263000,200000,178500,85000,0,8
16,2007/10/6,142200,300000,152400,51600,0,5
16,2007/10/7,357300,300000,222500,0,0,7
16,2007/10/8,486100,300000,230100,0,2,7
16,2007/10/9,294100,180000,210800,0,1,7
16,2007/10/10,214800,180000,197800,88800,1,7
16,2007/10/11,75200,180000,225600,0,0,8
16,2007/10/12,82400,180000,221900,8200,0,7
16,2007/10/13,208000,290000,221300,0,2,9
16,2007/10/14,169300,290000,186400,0,1,4
16,2007/10/15,293600,200000,186400,48000,1,7
16,2007/10/16,106700,200000,278600,0,1,10
16,2007/10/17,264000,200000,296600,57000,1,11
16,2007/10/18,185600,200000,287800,0,1,11
16,2007/10/19,166800,200000,262200,0,2,9
16,2007/10/20,173800,300000,155900,0,3,8
16,2007/10/21,241500,300000,208700,19800,1,8
16,2007/10/22,215500,200000,204400,0,0,6
16,2007/10/23,220200,200000,164200,9400,0,6
16,2007/10/24,128200,200000,324400,0,0,12
16,2007/10/25,232700,200000,240200,85000,0,11
16,2007/10/26,68400,200000,134000,107800,0,7
16,2007/10/27,297000,300000,166700,17800,0,6
16,2007/10/28,266200,300000,236400,0,1,10
16,2007/10/29,173300,200000,238700,0,0,9
16,2007/10/30,219200,200000,123600,28000,0,6
16,2007/10/31,244700,200000,97300,0,2,4
32,2007/10/1,170000,200000,141600,0,0,5
32,2007/10/2,120000,200000,138000,0,0,7
32,2007/10/3,224300,200000,201000,0,1,4
32,2007/10/4,63000,200000,29000,0,0,1
32,2007/10/5,197000,200000,25800,0,0,1
32,2007/10/6,265500,350000,109000,25600,1,5
32,2007/10/7,437700,350000,224900,0,1,8
32,2007/10/8,415000,350000,95200,0,0,6
32,2007/10/9,195000,150000,156800,16000,1,5
32,2007/10/10,123000,200000,164800,0,0,4
32,2007/10/11,91800,200000,75600,0,0,3
32,2007/10/12,142000,200000,39000,0,0,2
32,2007/10/13,267800,350000,108400,0,1,6
32,2007/10/14,112800,350000,170600,0,1,6
32,2007/10/15,188000,150000,64300,0,0,3
32,2007/10/16,140000,150000,141100,0,1,5
32,2007/10/17,275000,200000,38500,0,0,2
32,2007/10/18,174500,200000,53800,12000,0,2
32,2007/10/19,139000,200000,79800,55000,0,2
32,2007/10/20,300500,300000,220200,0,1,8
32,2007/10/21,268000,300000,300800,0,0,8
32,2007/10/22,26000,150000,105600,0,0,5
32,2007/10/23,63000,150000,88600,0,0,4
32,2007/10/24,146800,150000,130800,65000,0,4
32,2007/10/25,85300,200000,66400,0,0,3
32,2007/10/26,256200,200000,50000,0,1,2
32,2007/10/27,355600,350000,145000,0,0,6
32,2007/10/28,202200,350000,194200,10000,1,7
32,2007/10/29,86000,150000,19000,0,0,3
32,2007/10/30,139800,150000,145700,0,0,5
32,2007/10/31,139400,150000,107700,0,1,6
33,2007/10/1,307200,200000,101300,0,1,3
33,2007/10/2,133000,200000,47000,0,0,2
33,2007/10/3,367400,200000,80800,0,0,2
33,2007/10/4,207400,200000,274000,0,0,7
33,2007/10/5,180500,200000,183300,0,0,7
33,2007/10/6,245000,400000,50100,0,0,4
33,2007/10/7,243600,400000,248100,0,2,8
33,2007/10/8,345700,350000,159300,0,0,8
33,2007/10/9,80000,200000,109600,0,0,2
33,2007/10/10,55300,200000,68400,0,0,4
33,2007/10/11,49900,200000,92800,0,0,3
33,2007/10/12,297400,200000,116800,25800,0,5
33,2007/10/13,562600,400000,294400,0,0,9
33,2007/10/14,278000,400000,416200,0,0,10
33,2007/10/15,140200,200000,102600,0,0,3
33,2007/10/16,184400,200000,60100,0,0,3
33,2007/10/17,289500,200000,110500,0,1,4
33,2007/10/18,144000,200000,217000,0,0,7
33,2007/10/19,64700,200000,21400,0,0,2
33,2007/10/20,308000,350000,350200,0,0,11
33,2007/10/21,392500,350000,170800,0,0,7
33,2007/10/22,62000,200000,63100,0,0,2
33,2007/10/23,221500,200000,162400,0,0,8
33,2007/10/24,139100,200000,200600,0,0,8
33,2007/10/25,75200,200000,25800,0,0,1
33,2007/10/26,189300,200000,66100,0,1,3
33,2007/10/27,162600,300000,394600,0,1,11
33,2007/10/28,182800,300000,254800,14400,0,9
33,2007/10/29,184000,150000,183300,19000,1,6
33,2007/10/30,132400,150000,41200,0,0,3
33,2007/10/31,101100,150000,54500,0,0,3
30,2007/10/1,187500,230000,181200,0,1,8
30,2007/10/2,219500,230000,186500,0,0,8
30,2007/10/3,157000,230000,125300,0,0,5
30,2007/10/4,289400,230000,80600,0,1,4
30,2007/10/5,232000,230000,149800,0,1,6
30,2007/10/6,153000,330000,298800,0,1,11
30,2007/10/7,275000,330000,212800,12000,1,9
30,2007/10/8,305600,330000,317700,0,2,11
30,2007/10/9,123700,230000,169600,0,1,4
30,2007/10/10,553600,230000,282500,25800,0,11
30,2007/10/11,278500,230000,145600,0,0,5
30,2007/10/12,104600,230000,148800,0,0,6
30,2007/10/13,207300,300000,251400,0,2,7
30,2007/10/14,257300,300000,496400,57000,1,15
30,2007/10/15,243000,220000,169800,0,0,7
30,2007/10/16,184000,220000,109400,96800,0,6
30,2007/10/17,238900,220000,457000,20000,1,13
30,2007/10/18,146800,220000,179800,0,1,7
30,2007/10/19,155600,220000,329000,0,2,12
30,2007/10/20,100200,300000,246400,0,1,11
30,2007/10/21,201700,300000,268300,82000,3,9
30,2007/10/22,94000,200000,218800,15800,0,7
30,2007/10/23,119000,200000,156000,0,1,6
30,2007/10/24,157000,200000,131100,0,0,5
30,2007/10/25,120000,200000,230500,0,1,9
30,2007/10/26,186000,200000,389600,65000,2,10
30,2007/10/27,226800,300000,229200,0,1,8
30,2007/10/28,226000,300000,331700,0,2,10
30,2007/10/29,160800,180000,113300,41800,1,5
30,2007/10/30,106600,180000,90200,0,1,2
30,2007/10/31,255800,180000,98800,0,1,3
31,2007/10/1,234000,250000,119600,0,0,3
31,2007/10/2,147000,250000,71600,0,0,3
31,2007/10/3,173000,250000,201900,0,0,6
31,2007/10/4,96500,250000,170200,0,0,6
31,2007/10/5,81400,300000,172000,0,1,7
31,2007/10/6,139000,350000,244100,0,1,9
31,2007/10/7,352400,400000,242400,0,1,9
31,2007/10/8,377800,200000,243900,0,0,8
31,2007/10/9,368500,250000,100600,0,0,4
31,2007/10/10,228800,250000,138400,0,0,5
31,2007/10/11,214800,250000,131800,0,0,5
31,2007/10/12,135000,250000,144900,0,0,5
31,2007/10/13,171000,350000,260100,19800,0,12
31,2007/10/14,441500,400000,285400,0,0,9
31,2007/10/15,376600,200000,87800,81800,0,4
31,2007/10/16,113000,200000,81600,0,0,3
31,2007/10/17,148800,200000,105800,29800,0,3
31,2007/10/18,150000,200000,194400,0,0,8
31,2007/10/19,159400,250000,126600,0,0,4
31,2007/10/20,113800,300000,302100,0,0,9
31,2007/10/21,387000,350000,114800,0,0,4
31,2007/10/22,303800,250000,169600,0,0,5
31,2007/10/23,137000,250000,146600,0,0,4
31,2007/10/24,66000,250000,101100,56900,0,5
31,2007/10/25,160000,250000,84300,19800,0,5
31,2007/10/26,129000,300000,163700,0,0,4
31,2007/10/27,80000,350000,312100,35000,0,11
31,2007/10/28,278800,400000,331400,14000,0,11
31,2007/10/29,366200,250000,91000,0,0,4
31,2007/10/30,118000,250000,134800,0,0,5
31,2007/10/31,120000,250000,139200,0,0,6
69,2007/10/1,0,80000,137000,0,0,9
69,2007/10/2,0,0,0,0,0,0
69,2007/10/3,0,80000,57500,0,0,4
69,2007/10/4,0,80000,48200,0,0,7
69,2007/10/5,0,100000,85900,0,0,7
69,2007/10/6,0,150000,86400,0,0,9
69,2007/10/7,0,150000,82900,0,0,7
69,2007/10/8,0,150000,128400,0,0,9
69,2007/10/9,0,0,0,0,0,0
69,2007/10/10,0,80000,81800,0,0,5
69,2007/10/11,0,100000,13000,0,0,2
69,2007/10/12,0,100000,104300,0,0,10
69,2007/10/13,0,150000,114400,0,0,10
69,2007/10/14,0,150000,90200,0,0,10
69,2007/10/15,0,100000,112400,0,0,10
69,2007/10/16,0,0,0,0,0,0
69,2007/10/17,0,100000,75400,0,0,4
69,2007/10/18,0,100000,30700,0,0,4
69,2007/10/19,0,100000,68200,0,0,7
69,2007/10/20,0,150000,222200,0,0,16
69,2007/10/21,0,150000,159000,0,0,17
69,2007/10/22,0,100000,51900,0,0,9
69,2007/10/23,0,0,0,0,0,0
69,2007/10/24,0,100000,176400,0,1,10
69,2007/10/25,0,100000,41400,0,0,8
69,2007/10/26,0,100000,110400,0,2,8
69,2007/10/27,0,150000,85200,0,0,6
69,2007/10/28,0,150000,213300,0,0,12
69,2007/10/29,0,100000,57900,0,3,7
69,2007/10/30,0,0,0,0,0,0
69,2007/10/31,0,130000,126570,0,2,10
34,2007/10/1,203600,250000,113100,0,1,7
34,2007/10/2,224500,250000,25800,0,0,1
34,2007/10/3,101900,250000,79200,0,0,2
34,2007/10/4,128400,250000,25600,0,0,2
34,2007/10/5,302700,300000,419300,0,0,11
34,2007/10/6,201900,400000,162300,0,0,7
34,2007/10/7,428700,400000,262100,0,0,13
34,2007/10/8,350300,350000,249100,57750,2,13
34,2007/10/9,207400,250000,256800,0,0,10
34,2007/10/10,150400,250000,55400,0,0,4
34,2007/10/11,152300,250000,200200,0,0,6
34,2007/10/12,228300,250000,147200,0,0,4
34,2007/10/13,229900,300000,130800,0,0,7
34,2007/10/14,133400,300000,189600,0,0,5
34,2007/10/15,389600,200000,76300,0,0,3
34,2007/10/16,326400,200000,190500,0,0,7
34,2007/10/17,149800,200000,115300,28000,0,4
34,2007/10/18,176400,200000,91500,0,0,5
34,2007/10/19,102400,200000,12200,0,0,2
34,2007/10/20,320800,300000,101100,0,0,8
34,2007/10/21,388300,300000,246500,0,1,7
34,2007/10/22,130000,200000,53000,0,0,2
34,2007/10/23,308400,200000,25000,0,0,1
34,2007/10/24,85500,200000,139500,0,0,3
34,2007/10/25,154800,250000,158800,0,0,7
34,2007/10/26,327500,250000,176000,0,0,7
34,2007/10/27,274100,350000,148200,0,1,7
34,2007/10/28,370700,300000,71900,0,0,7
34,2007/10/29,75700,200000,131400,0,0,6
34,2007/10/30,174500,200000,110200,0,0,4
34,2007/10/31,280700,200000,90000,0,1,3
29,2007/10/1,83000,180000,282300,23000,1,13
29,2007/10/2,72800,200000,200300,0,1,11
29,2007/10/3,85400,200000,205900,34000,1,7
29,2007/10/4,201100,200000,140200,84800,0,6
29,2007/10/5,168000,180000,180400,0,2,9
29,2007/10/6,347300,380000,419100,0,2,16
29,2007/10/7,413500,400000,363500,0,0,12
29,2007/10/8,328000,380000,300800,0,1,17
29,2007/10/9,240600,150000,340700,0,1,4
29,2007/10/10,119100,180000,135600,0,2,4
29,2007/10/11,155000,180000,280500,65000,1,8
29,2007/10/12,214100,150000,218100,0,0,4
29,2007/10/13,204200,350000,105700,0,0,5
29,2007/10/14,237300,400000,360200,0,1,11
29,2007/10/15,41200,150000,152000,0,0,6
29,2007/10/16,153600,170000,172100,54600,0,8
29,2007/10/17,95300,170000,171000,0,1,7
29,2007/10/18,156300,170000,99900,26000,1,4
29,2007/10/19,141400,150000,115400,0,2,6
29,2007/10/20,203900,300000,186300,0,1,8
29,2007/10/21,59300,350000,169100,0,1,6
29,2007/10/22,120000,150000,44300,0,0,3
29,2007/10/23,331500,150000,37600,0,0,2
29,2007/10/24,42200,150000,41400,0,1,4
29,2007/10/25,238600,180000,90400,150000,1,4
29,2007/10/26,116500,160000,69600,0,1,4
29,2007/10/27,155300,350000,214200,0,3,12
29,2007/10/28,256900,400000,250000,0,1,11
29,2007/10/29,257200,150000,68700,0,2,3
29,2007/10/30,122600,160000,42600,0,0,2
29,2007/10/31,105800,160000,242500,1900,1,11
35,2007/10/1,0,150000,64600,0,0,4
35,2007/10/2,0,150000,155500,0,1,5
35,2007/10/3,0,150000,77200,0,0,4
35,2007/10/4,0,200000,211289,0,0,20
35,2007/10/5,0,200000,227345,0,1,16
35,2007/10/6,0,250000,236579,0,0,18
35,2007/10/7,0,250000,207536,0,0,16
35,2007/10/8,0,200000,276452,0,0,25
35,2007/10/9,0,100000,105400,0,0,5
35,2007/10/10,0,150000,55000,0,0,4
35,2007/10/11,0,150000,130600,0,0,8
35,2007/10/12,0,150000,104400,0,0,5
35,2007/10/13,0,200000,70300,0,0,4
35,2007/10/14,0,200000,182900,0,0,10
35,2007/10/15,0,150000,56600,0,0,5
35,2007/10/16,0,200000,212500,0,0,8
35,2007/10/17,0,200000,92000,0,0,5
35,2007/10/18,0,150000,52400,0,0,5
35,2007/10/19,0,200000,70000,0,1,3
35,2007/10/20,0,200000,129400,0,0,7
35,2007/10/21,0,200000,40000,12600,0,2
35,2007/10/22,0,150000,110100,0,0,6
35,2007/10/23,0,150000,180000,0,0,8
35,2007/10/24,0,150000,136300,0,2,5
35,2007/10/25,0,150000,53200,0,1,4
35,2007/10/26,0,200000,58800,0,1,3
35,2007/10/27,0,250000,161600,0,2,6
35,2007/10/28,0,200000,91100,0,0,4
35,2007/10/29,0,150000,135300,25800,2,6
35,2007/10/30,0,150000,168600,0,0,6
35,2007/10/31,0,150000,107900,0,0,9
19,2007/10/1,216960,280000,381800,0,2,10
19,2007/10/2,233500,280000,100080,0,1,7
19,2007/10/3,290400,280000,269240,11000,0,10
19,2007/10/4,230860,280000,291180,0,2,11
19,2007/10/5,341700,280000,274100,0,1,9
19,2007/10/6,722400,500000,450020,0,1,18
19,2007/10/7,355120,450000,538840,0,3,22
19,2007/10/8,402260,400000,183400,2040,2,8
19,2007/10/9,204940,300000,182400,20000,1,8
19,2007/10/10,246700,300000,116440,0,1,12
19,2007/10/11,114520,300000,187900,12000,2,8
19,2007/10/12,342200,300000,163960,62000,0,8
19,2007/10/13,290160,450000,478840,0,5,21
19,2007/10/14,276200,450000,559120,0,5,21
19,2007/10/15,316700,300000,268580,0,2,17
19,2007/10/16,0,0,0,0,0,0
19,2007/10/17,230900,300000,230460,57000,1,11
19,2007/10/18,182360,300000,139360,0,2,9
19,2007/10/19,416750,350000,128400,0,0,8
19,2007/10/20,383200,500000,523140,0,5,29
19,2007/10/21,428600,450000,345700,2400,3,21
19,2007/10/22,166740,280000,372660,0,5,18
19,2007/10/23,337600,280000,122720,127500,3,15
19,2007/10/24,287760,280000,258060,21200,3,16
19,2007/10/25,140030,280000,241000,54600,4,8
19,2007/10/26,111160,280000,677500,0,4,14
19,2007/10/27,246570,450000,408230,0,5,20
19,2007/10/28,486780,400000,274380,0,1,16
19,2007/10/29,315520,250000,503900,0,2,13
19,2007/10/30,178120,250000,152120,0,1,7
19,2007/10/31,105780,200000,207340,62800,0,6
20,2007/10/1,400260,300000,170020,0,5,10
20,2007/10/2,285520,300000,270600,51800,4,8
20,2007/10/3,490420,300000,170440,0,1,6
20,2007/10/4,291500,300000,300040,34000,4,10
20,2007/10/5,78100,300000,264780,0,4,14
20,2007/10/6,658040,600000,624100,0,5,19
20,2007/10/7,765800,550000,330040,223000,3,10
20,2007/10/8,525280,400000,156940,24520,0,16
20,2007/10/9,407260,330000,342260,0,2,9
20,2007/10/10,124380,330000,380080,122600,4,14
20,2007/10/11,369800,330000,310100,58000,4,10
20,2007/10/12,112880,330000,500360,64000,4,13
20,2007/10/13,478560,540000,220380,0,1,12
20,2007/10/14,381260,450000,370120,0,4,21
20,2007/10/15,212440,300000,301280,0,3,10
20,2007/10/16,466020,350000,350080,0,2,16
20,2007/10/17,339540,350000,125420,0,0,9
20,2007/10/18,335240,350000,200460,0,1,9
20,2007/10/19,238900,450000,538880,0,1,10
20,2007/10/20,739460,650000,404940,0,6,17
20,2007/10/21,437540,550000,316840,18400,4,13
20,2007/10/22,150480,350000,316220,17800,3,12
20,2007/10/23,351680,350000,116100,0,1,8
20,2007/10/24,351360,350000,350260,0,7,13
20,2007/10/25,385060,350000,367790,0,3,12
20,2007/10/26,281320,350000,203040,95000,1,8
20,2007/10/27,595400,550000,320070,31200,6,14
20,2007/10/28,571000,500000,275680,0,3,14
20,2007/10/29,513560,280000,235180,0,4,11
20,2007/10/30,329240,280000,224310,0,1,9
20,2007/10/31,578720,280000,164920,0,1,7
21,2007/10/1,141240,180000,198400,0,1,6
21,2007/10/2,154760,180000,136200,0,2,9
21,2007/10/3,167700,180000,303700,0,4,8
21,2007/10/4,148060,180000,84140,26000,1,7
21,2007/10/5,50500,180000,100280,0,1,9
21,2007/10/6,470840,450000,451620,0,0,22
21,2007/10/7,529170,430000,341540,0,5,27
21,2007/10/8,531600,380000,328540,0,3,18
21,2007/10/9,397800,180000,74360,0,1,9
21,2007/10/10,141340,200000,278180,0,2,8
21,2007/10/11,115360,200000,117380,0,1,8
21,2007/10/12,447360,200000,200720,69000,3,12
21,2007/10/13,581150,350000,469400,26000,4,18
21,2007/10/14,307160,330000,353300,0,3,13
21,2007/10/15,233160,200000,223820,0,3,10
21,2007/10/16,71020,220000,231640,0,2,16
21,2007/10/17,181760,220000,155460,0,3,14
21,2007/10/18,90200,220000,94900,36000,1,7
21,2007/10/19,207260,220000,168020,0,2,12
21,2007/10/20,325800,350000,350520,0,2,13
21,2007/10/21,461780,330000,281700,0,0,17
21,2007/10/22,80080,180000,110720,1000,0,11
21,2007/10/23,187260,180000,109910,0,1,12
21,2007/10/24,355320,180000,131160,104000,2,7
21,2007/10/25,208640,180000,405520,0,4,15
21,2007/10/26,151800,180000,53120,0,1,6
21,2007/10/27,313980,350000,153620,0,1,13
21,2007/10/28,494220,330000,444920,7800,4,19
21,2007/10/29,81800,180000,156300,0,1,8
21,2007/10/30,155800,180000,373820,0,6,20
21,2007/10/31,216860,180000,146320,50000,2,8
22,2007/10/1,291200,450000,403040,80000,0,14
22,2007/10/2,624300,450000,645200,25000,0,15
22,2007/10/3,498400,450000,352500,125000,0,9
22,2007/10/4,381800,450000,473400,0,0,16
22,2007/10/5,174000,450000,559600,0,0,16
22,2007/10/6,1014340,750000,566460,52800,0,19
22,2007/10/7,1204500,750000,716680,0,1,24
22,2007/10/8,512000,700000,531600,0,1,15
22,2007/10/9,722800,450000,294900,0,0,11
22,2007/10/10,435800,450000,385140,92000,0,13
22,2007/10/11,406800,450000,367600,0,0,11
22,2007/10/12,322700,450000,255200,48000,0,11
22,2007/10/13,743000,700000,703680,0,0,18
22,2007/10/14,553600,700000,492400,29500,0,15
22,2007/10/15,324400,450000,1119300,40000,0,13
22,2007/10/16,525740,450000,553600,0,0,16
22,2007/10/17,491480,450000,388700,84600,0,12
22,2007/10/18,464000,450000,629000,26000,0,10
22,2007/10/19,543000,500000,300840,134000,0,9
22,2007/10/20,650600,700000,640640,0,0,10
22,2007/10/21,527400,650000,596600,59000,1,15
22,2007/10/22,233000,450000,207000,92000,0,8
22,2007/10/23,220600,450000,393760,0,0,11
22,2007/10/24,295000,450000,258680,0,0,11
22,2007/10/25,454000,450000,480500,36000,1,12
22,2007/10/26,256600,500000,359200,0,0,9
22,2007/10/27,390700,700000,447800,0,1,10
22,2007/10/28,1008600,700000,590200,0,0,18
22,2007/10/29,372680,500000,219900,66000,0,6
22,2007/10/30,236500,500000,322800,0,0,9
22,2007/10/31,603600,500000,610240,0,1,16
24,2007/10/1,106500,240000,36300,0,0,3
24,2007/10/2,161800,240000,100040,0,1,6
24,2007/10/3,168100,240000,150600,39800,1,5
24,2007/10/4,108139,240000,403700,0,1,11
24,2007/10/5,230900,240000,265400,0,0,7
24,2007/10/6,806320,300000,263800,132000,0,7
24,2007/10/7,471400,300000,230100,0,0,7
24,2007/10/8,558600,300000,36300,86000,0,3
24,2007/10/9,212400,220000,292400,0,1,10
24,2007/10/10,100120,220000,360000,258000,1,7
24,2007/10/11,193880,220000,287800,0,1,9
24,2007/10/12,272499,250000,140000,0,0,2
24,2007/10/13,211340,350000,362600,33000,0,9
24,2007/10/14,280380,350000,193800,0,0,9
24,2007/10/15,219180,230000,295800,0,0,10
24,2007/10/16,230080,230000,68000,0,0,1
24,2007/10/17,148099,230000,101840,0,0,3
24,2007/10/18,134300,230000,183000,52000,0,5
24,2007/10/19,199600,230000,91500,0,1,5
24,2007/10/20,304000,300000,119000,108500,1,3
24,2007/10/21,342200,300000,302740,9400,1,10
24,2007/10/22,90300,230000,57040,0,0,3
24,2007/10/23,116240,230000,28800,0,0,2
24,2007/10/24,317200,230000,184500,0,1,4
24,2007/10/25,127040,250000,47200,0,0,2
24,2007/10/26,205400,250000,193200,0,0,6
24,2007/10/27,256600,300000,304920,0,0,8
24,2007/10/28,215240,300000,300140,0,0,9
24,2007/10/29,305600,250000,130800,0,0,6
24,2007/10/30,417800,250000,87000,148800,1,4
24,2007/10/31,505000,250000,413800,0,2,6
26,2007/10/1,472300,400000,240400,0,1,6
26,2007/10/2,202047,400000,342000,0,1,10
26,2007/10/3,270000,320000,412810,0,1,13
26,2007/10/4,279300,320000,211000,0,0,10
26,2007/10/5,158240,320000,354000,0,1,6
26,2007/10/6,166800,600000,288000,17000,2,9
26,2007/10/7,820599,500000,273300,0,2,10
26,2007/10/8,558890,450000,247300,40000,2,10
26,2007/10/9,681627,350000,312500,38000,3,8
26,2007/10/10,327960,300000,112400,0,0,8
26,2007/10/11,375247,320000,238400,41000,1,9
26,2007/10/12,140500,320000,170680,0,1,8
26,2007/10/13,246700,450000,158500,0,0,6
26,2007/10/14,343600,400000,173600,85000,1,9
26,2007/10/15,531500,350000,302240,90000,0,9
26,2007/10/16,287000,300000,303780,99000,1,11
26,2007/10/17,208200,300000,276290,19000,0,10
26,2007/10/18,285400,300000,311200,59000,0,9
26,2007/10/19,223800,300000,172000,79000,1,4
26,2007/10/20,178000,450000,503500,0,3,11
26,2007/10/21,394200,350000,387800,21000,4,10
26,2007/10/22,230000,300000,119280,119000,1,5
26,2007/10/23,286500,300000,165800,62000,3,5
26,2007/10/24,125100,300000,161850,0,1,6
26,2007/10/25,254900,300000,133700,0,2,8
26,2007/10/26,834500,300000,129600,0,0,4
26,2007/10/27,176500,450000,372600,0,1,8
26,2007/10/28,241000,350000,552800,59000,0,14
26,2007/10/29,460400,300000,127500,0,2,4
26,2007/10/30,207000,300000,240600,0,1,9
26,2007/10/31,356520,300000,104600,87000,0,4
25,2007/10/1,54800,280000,198000,0,0,3
25,2007/10/2,19500,280000,288500,0,1,5
25,2007/10/3,37500,280000,155600,0,0,5
25,2007/10/4,215000,280000,3500,0,0,1
25,2007/10/5,66600,280000,119000,0,0,2
25,2007/10/6,23800,500000,215600,0,0,6
25,2007/10/7,433800,500000,223800,0,1,3
25,2007/10/8,340700,300000,78800,0,0,2
25,2007/10/9,517600,280000,28800,0,0,1
25,2007/10/10,337200,280000,103400,0,0,3
25,2007/10/11,742100,280000,23800,0,0,2
25,2007/10/12,343800,280000,87200,0,0,2
25,2007/10/13,558100,450000,271500,0,0,2
25,2007/10/14,495700,400000,268000,0,0,1
25,2007/10/15,226800,300000,85400,0,0,1
25,2007/10/16,133600,300000,241200,0,0,1
25,2007/10/17,49500,300000,9000,0,0,1
25,2007/10/18,345600,300000,205800,0,2,3
25,2007/10/19,170700,300000,3500,0,0,1
25,2007/10/20,555000,700000,294800,0,0,3
25,2007/10/21,531400,500000,475900,0,0,5
25,2007/10/22,355400,350000,28800,0,0,1
25,2007/10/23,132400,350000,39000,0,0,1
25,2007/10/24,87600,350000,50800,0,0,2
25,2007/10/25,20600,350000,110300,0,0,2
25,2007/10/26,253000,330000,64800,0,0,2
25,2007/10/27,253400,800000,218800,0,0,2
25,2007/10/28,564800,600000,290000,0,0,4
25,2007/10/29,168200,350000,168000,0,0,1
25,2007/10/30,226150,350000,643300,0,0,3
25,2007/10/31,277100,300000,372800,0,0,2
68,2007/10/1,0,200000,12800,0,0,1
68,2007/10/2,0,200000,119000,0,0,3
68,2007/10/3,0,200000,55800,0,0,3
68,2007/10/4,0,200000,328400,0,1,6
68,2007/10/5,0,200000,30200,0,0,3
68,2007/10/6,0,400000,318220,0,2,10
68,2007/10/7,0,400000,162300,0,0,7
68,2007/10/8,0,400000,49600,0,0,3
68,2007/10/9,0,200000,108800,0,0,3
68,2007/10/10,0,200000,149600,0,0,4
68,2007/10/11,0,200000,58600,0,0,2
68,2007/10/12,0,200000,44300,0,2,3
68,2007/10/13,0,400000,144500,0,1,3
68,2007/10/14,0,400000,129800,0,1,4
68,2007/10/15,0,150000,18000,0,0,1
68,2007/10/16,0,150000,64000,0,0,3
68,2007/10/17,0,150000,158700,0,0,6
68,2007/10/18,0,150000,7800,0,0,1
68,2007/10/19,0,150000,28400,0,0,3
68,2007/10/20,0,300000,357220,0,3,14
68,2007/10/21,0,300000,120000,0,2,3
68,2007/10/22,0,150000,25800,0,0,1
68,2007/10/23,0,200000,272440,0,0,9
68,2007/10/24,0,200000,32000,0,0,2
68,2007/10/25,0,200000,82000,0,0,3
68,2007/10/26,0,200000,177740,0,0,4
68,2007/10/27,0,400000,192900,0,0,5
68,2007/10/28,0,400000,469550,0,4,10
68,2007/10/29,0,200000,24800,0,0,1
68,2007/10/30,0,200000,176600,0,1,4
68,2007/10/31,0,200000,119800,0,0,6
8,2007/10/1,109100,380000,214512,17000,1,16
8,2007/10/2,304551,380000,183058,180000,1,12
8,2007/10/3,198158,380000,347784,197000,1,11
8,2007/10/4,490290,380000,228900,180000,0,11
8,2007/10/5,375080,380000,301724,26000,2,11
8,2007/10/6,264350,430000,259200,54000,0,14
8,2007/10/7,241460,440000,718420,0,0,23
8,2007/10/8,711600,420000,482510,0,0,22
8,2007/10/9,430700,380000,259070,50000,1,16
8,2007/10/10,372792,380000,437972,102000,1,12
8,2007/10/11,566434,380000,502516,0,1,16
8,2007/10/12,194360,380000,561760,322000,1,11
8,2007/10/13,293250,450000,441150,0,0,19
8,2007/10/14,388350,450000,414350,28000,1,16
8,2007/10/15,160300,380000,1091550,200000,1,15
8,2007/10/16,500043,380000,150450,55000,1,14
8,2007/10/17,258580,380000,382850,0,0,15
8,2007/10/18,235430,380000,236940,92000,1,11
8,2007/10/19,173870,380000,371580,22000,1,23
8,2007/10/20,108010,440000,249140,174000,1,14
8,2007/10/21,263040,440000,252400,0,2,18
8,2007/10/22,68765,380000,294100,81000,0,19
8,2007/10/23,225360,380000,317810,24660,1,19
8,2007/10/24,220931,380000,327999,30800,0,10
8,2007/10/25,496354,400000,610350,0,0,0
8,2007/10/26,312210,400000,189300,0,0,19
8,2007/10/27,620050,480000,227350,0,0,11
8,2007/10/28,522200,480000,289560,0,3,21
8,2007/10/29,114120,410000,358680,0,0,15
8,2007/10/30,520380,400000,417070,21200,1,11
8,2007/10/31,344300,400000,604440,95000,0,29
11,2007/10/1,51700,150000,80300,0,1,7
11,2007/10/2,150500,150000,104220,0,1,9
11,2007/10/3,84080,150000,99780,22000,2,12
11,2007/10/4,79550,150000,124350,0,1,11
11,2007/10/5,145250,150000,78460,0,0,10
11,2007/10/6,309650,200000,44100,0,0,12
11,2007/10/7,264850,200000,102200,0,2,19
11,2007/10/8,151650,200000,124360,16000,1,27
11,2007/10/9,118430,150000,45900,77000,0,7
11,2007/10/10,200200,150000,118500,18000,3,21
11,2007/10/11,76415,150000,167950,0,2,25
11,2007/10/12,157100,250000,193240,0,4,27
11,2007/10/13,229200,350000,130120,5700,1,29
11,2007/10/14,126600,250000,263900,0,3,35
11,2007/10/15,36350,150000,134800,0,0,24
11,2007/10/16,0,0,0,0,0,0
11,2007/10/17,55250,150000,150140,45000,1,21
11,2007/10/18,33225,150000,215700,0,1,20
11,2007/10/19,174500,150000,198750,12000,3,29
11,2007/10/20,101450,250000,137480,97000,1,23
11,2007/10/21,92600,250000,350600,12000,4,33
11,2007/10/22,104770,150000,92500,44800,1,23
11,2007/10/23,192550,150000,81000,0,0,10
11,2007/10/24,54950,150000,95600,0,1,16
11,2007/10/25,10450,150000,179500,0,2,23
11,2007/10/26,105050,150000,168100,0,0,19
11,2007/10/27,130790,300000,113890,0,0,30
11,2007/10/28,250420,250000,125200,0,2,30
11,2007/10/29,141680,150000,84600,0,1,19
11,2007/10/30,108940,150000,118600,0,3,15
11,2007/10/31,104400,150000,152790,0,1,24
2,2007/10/1,249500,250000,112000,0,1,3
2,2007/10/2,81000,250000,111000,0,0,5
2,2007/10/3,54000,250000,246000,0,0,7
2,2007/10/4,207900,250000,408600,0,4,8
2,2007/10/5,207000,250000,176000,0,0,4
2,2007/10/6,250000,300000,350700,0,0,8
2,2007/10/7,139800,300000,1080700,0,6,14
2,2007/10/8,227600,250000,460800,0,5,9
2,2007/10/9,179800,250000,260400,0,0,5
2,2007/10/10,77000,250000,84000,0,0,3
2,2007/10/11,247000,250000,80000,0,0,2
2,2007/10/12,161900,250000,607000,0,0,7
2,2007/10/13,342600,300000,93000,0,0,4
2,2007/10/14,302600,260000,555000,0,2,7
2,2007/10/15,508600,280000,214000,0,3,8
2,2007/10/16,163000,280000,110800,0,0,5
2,2007/10/17,224000,280000,133000,0,4,5
2,2007/10/18,86800,280000,227000,0,0,5
2,2007/10/19,194800,280000,435400,0,0,4
2,2007/10/20,98240,350000,637600,0,0,16
2,2007/10/21,273800,350000,452000,0,4,9
2,2007/10/22,457800,260000,367000,0,0,8
2,2007/10/23,145500,260000,32000,0,0,1
2,2007/10/24,316000,260000,180600,0,0,6
2,2007/10/25,66800,260000,186800,0,0,7
2,2007/10/26,99600,260000,143000,0,0,6
2,2007/10/27,218800,350000,264000,0,0,9
2,2007/10/28,340000,350000,210000,0,0,9
2,2007/10/29,332500,250000,112200,0,0,4
2,2007/10/30,178800,250000,77900,0,0,1
2,2007/10/31,184000,240000,222000,0,0,5
1,2007/10/1,445000,350000,399900,103000,0,11
1,2007/10/2,241400,350000,314500,83000,0,11
1,2007/10/3,257000,350000,518900,271000,0,13
1,2007/10/4,403000,350000,151000,137900,0,5
1,2007/10/5,247400,400000,209800,132000,1,8
1,2007/10/6,627100,800000,920400,76000,0,25
1,2007/10/7,591900,600000,834900,28000,0,22
1,2007/10/8,741800,450000,789000,127000,0,17
1,2007/10/9,500800,350000,239800,206900,0,6
1,2007/10/10,251000,350000,216900,36000,0,6
1,2007/10/11,131800,350000,294000,0,0,10
1,2007/10/12,534700,400000,314400,133800,0,11
1,2007/10/13,315500,500000,444800,92000,0,14
1,2007/10/14,267100,400000,304800,19000,0,9
1,2007/10/15,485800,300000,297800,20000,0,8
1,2007/10/16,296780,300000,752000,0,0,18
1,2007/10/17,303000,300000,282000,189000,0,7
1,2007/10/18,454000,300000,477900,131000,0,10
1,2007/10/19,725600,400000,249900,65000,1,9
1,2007/10/20,295800,450000,590000,39000,0,15
1,2007/10/21,837500,400000,805170,0,0,20
1,2007/10/22,307200,300000,357300,21000,1,8
1,2007/10/23,139800,300000,755690,151000,0,10
1,2007/10/24,503700,300000,1076055,0,1,18
1,2007/10/25,418000,550000,381900,72000,0,10
1,2007/10/26,579230,650000,354545,0,0,12
1,2007/10/27,585620,1200000,530375,0,0,17
1,2007/10/28,902670,800000,618700,75000,0,25
1,2007/10/29,730155,550000,470710,0,0,10
1,2007/10/30,407550,500000,618000,0,0,13
1,2007/10/31,168000,400000,780760,0,0,16
4,2007/10/1,284300,200000,94000,0,1,3
4,2007/10/2,144400,200000,111600,0,2,5
4,2007/10/3,157800,200000,64000,0,0,3
4,2007/10/4,111000,200000,325400,0,3,8
4,2007/10/5,349700,200000,20200,0,0,2
4,2007/10/6,30700,500000,257800,0,1,5
4,2007/10/7,198000,450000,405600,0,2,17
4,2007/10/8,352800,300000,203900,0,0,8
4,2007/10/9,573700,160000,132000,0,0,5
4,2007/10/10,166600,160000,81000,0,0,2
4,2007/10/11,102000,160000,64000,0,0,3
4,2007/10/12,127000,160000,49900,190000,1,3
4,2007/10/13,125500,400000,275000,0,4,8
4,2007/10/14,491700,300000,320000,0,3,9
4,2007/10/15,558300,150000,24000,46000,0,2
4,2007/10/16,123000,150000,132000,93000,1,5
4,2007/10/17,115400,150000,48000,0,0,2
4,2007/10/18,117500,150000,12000,0,0,1
4,2007/10/19,121800,150000,112000,26000,0,4
4,2007/10/20,96900,250000,119800,0,1,6
4,2007/10/21,360000,200000,92000,0,0,3
4,2007/10/22,202800,100000,77720,0,0,4
4,2007/10/23,60700,100000,145000,69000,1,5
4,2007/10/24,60800,100000,112700,0,1,6
4,2007/10/25,44000,150000,219000,0,0,9
4,2007/10/26,111300,160000,247300,0,2,7
4,2007/10/27,459300,350000,119100,127000,0,5
4,2007/10/28,415600,300000,275200,0,0,11
4,2007/10/29,369700,150000,98800,101000,0,6
4,2007/10/30,25000,150000,192700,0,0,14
4,2007/10/31,258000,150000,136500,0,0,10
5,2007/10/1,233200,280000,377600,0,0,6
5,2007/10/2,242400,280000,217900,0,0,10
5,2007/10/3,101800,280000,29200,0,0,2
5,2007/10/4,102400,280000,35000,0,0,2
5,2007/10/5,151800,280000,161400,0,0,6
5,2007/10/6,558400,500000,162100,0,0,6
5,2007/10/7,411900,450000,259000,0,0,8
5,2007/10/8,204000,400000,27400,0,0,3
5,2007/10/9,315800,280000,203500,0,1,5
5,2007/10/10,14100,280000,58800,0,0,3
5,2007/10/11,127800,280000,34500,0,0,4
5,2007/10/12,46000,280000,116200,220000,0,7
5,2007/10/13,321800,400000,609900,26000,0,10
5,2007/10/14,121900,400000,550800,25000,0,3
5,2007/10/15,227800,280000,139900,0,0,4
5,2007/10/16,200400,280000,522200,0,0,7
5,2007/10/17,171700,280000,757700,0,0,5
5,2007/10/18,232700,280000,87400,0,0,3
5,2007/10/19,102400,280000,14600,0,0,2
5,2007/10/20,225800,400000,653400,0,0,8
5,2007/10/21,390000,400000,186800,0,0,4
5,2007/10/22,16200,280000,19600,0,0,2
5,2007/10/23,63600,280000,129900,0,0,4
5,2007/10/24,172900,280000,116000,0,0,2
5,2007/10/25,129000,280000,448100,64000,0,11
5,2007/10/26,11600,280000,19000,23000,0,2
5,2007/10/27,285300,500000,405400,43000,0,5
5,2007/10/28,98400,450000,167800,41000,0,9
5,2007/10/29,79000,260000,485000,0,0,6
5,2007/10/30,45400,260000,275000,78000,0,4
5,2007/10/31,376800,260000,320800,89000,0,3
7,2007/10/1,314100,230000,149700,34000,1,9
7,2007/10/2,234700,230000,59500,0,0,5
7,2007/10/3,224100,230000,114000,145000,0,1
7,2007/10/4,117300,230000,186800,19000,3,5
7,2007/10/5,191000,230000,224000,141000,0,4
7,2007/10/6,46800,400000,190900,15000,1,9
7,2007/10/7,241900,400000,269100,59000,0,5
7,2007/10/8,244120,400000,361300,12000,1,10
7,2007/10/9,264000,200000,72000,0,0,2
7,2007/10/10,193000,200000,120900,32000,1,4
7,2007/10/11,54500,200000,129000,18000,0,6
7,2007/10/12,63000,200000,258000,0,1,5
7,2007/10/13,337800,300000,133000,0,1,3
7,2007/10/14,244400,300000,138600,28600,0,4
7,2007/10/15,199400,200000,167000,0,1,5
7,2007/10/16,87000,200000,86600,0,0,2
7,2007/10/17,150000,250000,353500,9000,1,4
7,2007/10/18,127000,250000,248600,0,2,9
7,2007/10/19,49400,260000,398900,8000,1,10
7,2007/10/20,194300,350000,156700,154000,1,8
7,2007/10/21,242000,350000,293900,0,1,8
7,2007/10/22,137000,200000,147900,0,0,3
7,2007/10/23,29800,200000,110900,0,0,3
7,2007/10/24,90400,200000,79000,0,0,3
7,2007/10/25,192700,200000,226100,0,0,4
7,2007/10/26,239100,200000,37000,12000,1,3
7,2007/10/27,281000,350000,99300,0,1,4
7,2007/10/28,369600,350000,316700,0,0,8
7,2007/10/29,286000,230000,66560,0,0,2
7,2007/10/30,66700,230000,72200,0,0,3
7,2007/10/31,25600,230000,210000,0,0,8
6,2007/10/1,250200,150000,248000,0,1,3
6,2007/10/2,184000,220000,118000,29000,2,5
6,2007/10/3,83000,220000,383900,49000,0,7
6,2007/10/4,133000,200000,190000,0,0,4
6,2007/10/5,34000,250000,108000,0,0,2
6,2007/10/6,23000,400000,322000,0,2,5
6,2007/10/7,276000,400000,220100,0,0,6
6,2007/10/8,177000,350000,379800,0,0,10
6,2007/10/9,186000,150000,111000,0,0,3
6,2007/10/10,18000,200000,152800,0,1,6
6,2007/10/11,267100,200000,79000,18000,1,5
6,2007/10/12,174900,250000,53000,27000,0,4
6,2007/10/13,91400,400000,301000,0,2,6
6,2007/10/14,213000,400000,19200,0,0,3
6,2007/10/15,216500,150000,90000,0,0,5
6,2007/10/16,75300,200000,42000,0,0,2
6,2007/10/17,48000,200000,146000,0,1,7
6,2007/10/18,95700,200000,27000,0,0,3
6,2007/10/19,92900,250000,218000,0,0,7
6,2007/10/20,84600,400000,347000,0,0,9
6,2007/10/21,480000,400000,247000,0,5,6
6,2007/10/22,133600,160000,30000,0,0,2
6,2007/10/23,97000,200000,185000,0,2,3
6,2007/10/24,162600,200000,71000,0,0,4
6,2007/10/25,280000,200000,49000,23000,0,3
6,2007/10/26,85700,250000,123000,0,0,3
6,2007/10/27,59700,400000,72000,0,0,3
6,2007/10/28,552420,400000,346800,52000,2,12
6,2007/10/29,110800,200000,137800,0,0,2
6,2007/10/30,79300,200000,232100,0,0,2
6,2007/10/31,222500,200000,153800,0,1,6
3,2007/10/1,0,200000,177000,0,3,5
3,2007/10/2,0,200000,108000,0,1,5
3,2007/10/3,0,200000,78346,0,1,6
3,2007/10/4,0,200000,105000,0,1,5
3,2007/10/5,0,250000,191046,0,2,5
3,2007/10/6,0,500000,167546,0,0,6
3,2007/10/7,0,450000,324000,0,1,10
3,2007/10/8,0,400000,351000,0,3,5
3,2007/10/9,0,200000,71523,0,0,2
3,2007/10/10,0,200000,497700,0,3,9
3,2007/10/11,0,200000,115800,0,0,14
3,2007/10/12,0,250000,52000,0,1,2
3,2007/10/13,0,450000,150500,0,2,6
3,2007/10/14,0,400000,229200,0,4,8
3,2007/10/15,0,200000,18000,0,0,1
3,2007/10/16,0,200000,173000,0,1,6
3,2007/10/17,0,200000,90900,0,0,3
3,2007/10/18,0,200000,78800,0,2,4
3,2007/10/19,0,250000,261000,0,4,8
3,2007/10/20,0,400000,177600,0,1,4
3,2007/10/21,0,350000,113000,0,0,6
3,2007/10/22,0,200000,183000,0,4,5
3,2007/10/23,0,200000,204900,0,0,6
3,2007/10/24,0,200000,250300,0,2,7
3,2007/10/25,0,200000,128400,0,0,6
3,2007/10/26,0,210000,319800,0,3,9
3,2007/10/27,0,300000,128600,0,0,6
3,2007/10/28,0,250000,493000,0,0,11
3,2007/10/29,0,180000,128700,0,0,4
3,2007/10/30,0,180000,36000,0,0,2
3,2007/10/31,0,180000,37000,0,1,2
73,2007/10/1,0,200000,157800,0,0,2
73,2007/10/2,0,200000,67800,0,0,4
73,2007/10/3,0,0,0,0,0,0
73,2007/10/4,0,200000,85600,0,2,3
73,2007/10/5,0,200000,226800,0,0,2
73,2007/10/6,0,300000,31840,0,0,13
73,2007/10/7,0,300000,209610,0,0,13
73,2007/10/8,0,200000,17640,0,1,2
73,2007/10/9,0,200000,23800,0,2,2
73,2007/10/10,0,0,0,0,0,0
73,2007/10/11,0,200000,144800,0,0,2
73,2007/10/12,0,200000,17400,95000,2,4
73,2007/10/13,0,340000,26000,29000,2,2
73,2007/10/14,0,340000,172300,0,3,5
73,2007/10/15,0,180000,79800,0,0,7
73,2007/10/16,0,180000,19000,17000,1,2
73,2007/10/17,0,0,0,0,0,0
73,2007/10/18,0,180000,23550,0,0,2
73,2007/10/19,0,180000,1840,0,0,1
73,2007/10/20,0,280000,7840,0,0,1
73,2007/10/21,0,280000,168600,9310,5,8
73,2007/10/22,0,200000,34000,0,0,1
73,2007/10/23,0,200000,0,105000,0,0
73,2007/10/24,0,0,0,0,0,0
73,2007/10/25,0,200000,19110,0,1,5
73,2007/10/26,0,200000,12300,0,0,3
73,2007/10/27,0,320000,259500,0,6,1
73,2007/10/28,0,320000,32000,0,2,1
73,2007/10/29,0,200000,139000,0,0,2
73,2007/10/30,0,200000,29200,0,2,2
73,2007/10/31,0,0,0,0,0,0
66,2007/10/1,305000,350000,284000,0,1,5
66,2007/10/2,281000,350000,159600,0,2,4
66,2007/10/3,145850,350000,127400,47000,1,4
66,2007/10/4,64000,350000,236100,82000,1,5
66,2007/10/5,84000,400000,218900,227200,2,6
66,2007/10/6,1068120,500000,619000,0,2,8
66,2007/10/7,1179500,450000,143500,0,2,5
66,2007/10/8,1288600,450000,363100,0,2,8
66,2007/10/9,133000,300000,88000,0,1,4
66,2007/10/10,44800,300000,105200,25000,2,3
66,2007/10/11,468500,300000,222100,190200,4,11
66,2007/10/12,36000,450000,132500,0,0,5
66,2007/10/13,1271640,700000,177500,147700,1,3
66,2007/10/14,675500,650000,180600,0,5,7
66,2007/10/15,115000,350000,76800,29500,1,2
66,2007/10/16,299500,350000,283200,202500,0,3
66,2007/10/17,151200,350000,92000,0,1,3
66,2007/10/18,134000,350000,213500,0,0,2
66,2007/10/19,31200,450000,184000,0,1,4
66,2007/10/20,122000,550000,604400,0,2,7
66,2007/10/21,259500,500000,186000,0,0,3
66,2007/10/22,132500,350000,63500,0,0,3
66,2007/10/23,174500,350000,84000,0,0,2
66,2007/10/24,265600,350000,78700,0,0,3
66,2007/10/25,155500,350000,30740,0,1,4
66,2007/10/26,195700,450000,59000,37500,0,2
66,2007/10/27,188500,550000,232300,0,3,5
66,2007/10/28,286500,400000,77700,0,3,5
66,2007/10/29,78300,300000,337500,94000,0,4
66,2007/10/30,135900,300000,489600,0,0,7
66,2007/10/31,399000,300000,107400,66700,1,5
65,2007/10/1,182220,300000,372000,7200,1,3
65,2007/10/2,264500,300000,248600,272600,3,6
65,2007/10/3,157400,350000,269800,0,0,5
65,2007/10/4,284260,400000,540700,0,1,5
65,2007/10/5,42000,400000,355200,100500,1,5
65,2007/10/6,800900,750000,410500,44200,0,7
65,2007/10/7,763400,650000,157900,0,1,4
65,2007/10/8,267900,550000,350100,0,1,5
65,2007/10/9,95900,350000,79500,197000,0,1
65,2007/10/10,663800,350000,58000,113500,0,3
65,2007/10/11,895800,250000,53700,0,0,2
65,2007/10/12,453700,600000,415400,387500,0,5
65,2007/10/13,607800,850000,539200,46000,1,9
65,2007/10/14,921600,700000,283700,0,0,7
65,2007/10/15,476300,350000,153500,37500,0,1
65,2007/10/16,633700,350000,526700,0,1,3
65,2007/10/17,259040,450000,137900,0,0,5
65,2007/10/18,200200,450000,36000,0,0,3
65,2007/10/19,203800,650000,128700,0,0,5
65,2007/10/20,1029200,800000,94960,0,1,5
65,2007/10/21,819940,700000,123700,264500,1,4
65,2007/10/22,93000,300000,260500,0,0,5
65,2007/10/23,410800,350000,20800,0,0,1
65,2007/10/24,465800,450000,374300,441500,3,6
65,2007/10/25,670700,350000,51320,0,1,3
65,2007/10/26,595720,700000,40500,0,2,3
65,2007/10/27,545600,1000000,1306960,40500,0,9
65,2007/10/28,536300,750000,1111440,97600,0,15
65,2007/10/29,148500,350000,123500,0,2,3
65,2007/10/30,277200,350000,24100,0,0,2
65,2007/10/31,263400,350000,576210,41000,1,11
59,2007/10/1,374800,600000,487400,0,0,15
59,2007/10/2,738700,600000,927700,0,1,22
59,2007/10/3,729500,600000,590200,0,0,18
59,2007/10/4,208400,600000,273200,0,0,7
59,2007/10/5,256100,600000,475200,0,1,11
59,2007/10/6,654300,1000000,658000,0,1,11
59,2007/10/7,1107900,850000,1103900,0,0,26
59,2007/10/8,602700,750000,1354600,0,0,26
59,2007/10/9,613200,550000,328000,0,0,6
59,2007/10/10,411000,550000,906000,0,0,12
59,2007/10/11,653000,550000,343300,0,0,12
59,2007/10/12,429200,550000,528480,0,3,16
59,2007/10/13,1029300,950000,402100,0,0,15
59,2007/10/14,666620,850000,771900,0,0,17
59,2007/10/15,608000,550000,400100,0,0,16
59,2007/10/16,516900,550000,616500,0,2,16
59,2007/10/17,553940,550000,551800,0,0,11
59,2007/10/18,601440,550000,434600,0,0,12
59,2007/10/19,601500,550000,180500,0,0,9
59,2007/10/20,1078300,950000,640300,0,0,22
59,2007/10/21,701800,800000,519700,0,0,18
59,2007/10/22,201080,450000,251700,0,0,8
59,2007/10/23,425900,450000,673100,0,0,25
59,2007/10/24,585900,450000,264300,79000,1,10
59,2007/10/25,511000,450000,603200,30000,3,14
59,2007/10/26,354000,450000,395840,14000,1,14
59,2007/10/27,676600,700000,671000,0,0,14
59,2007/10/28,473000,600000,696000,0,0,15
59,2007/10/29,217000,450000,407940,0,1,20
59,2007/10/30,576100,450000,263000,0,0,9
59,2007/10/31,809300,450000,203640,0,0,12
60,2007/10/1,273700,250000,400200,0,4,19
60,2007/10/2,236000,250000,217800,0,1,12
60,2007/10/3,253700,250000,412800,0,0,11
60,2007/10/4,241600,250000,217400,0,0,7
60,2007/10/5,136400,250000,388000,47000,1,11
60,2007/10/6,365100,450000,642800,85000,1,17
60,2007/10/7,265800,450000,617200,14000,0,18
60,2007/10/8,477200,450000,453500,177000,0,19
60,2007/10/9,158420,250000,328800,19000,0,7
60,2007/10/10,279900,250000,476700,0,4,13
60,2007/10/11,141000,250000,216000,0,0,9
60,2007/10/12,250400,250000,276000,0,0,9
60,2007/10/13,500000,450000,401180,215000,3,18
60,2007/10/14,314500,450000,503000,5000,1,16
60,2007/10/15,226200,250000,428760,0,2,13
60,2007/10/16,405200,250000,268000,0,1,14
60,2007/10/17,201680,250000,386000,0,0,12
60,2007/10/18,230400,250000,115400,0,0,8
60,2007/10/19,383000,250000,487000,0,2,10
60,2007/10/20,420200,500000,854100,19000,1,15
60,2007/10/21,548900,500000,575600,0,2,16
60,2007/10/22,138000,300000,171800,0,1,6
60,2007/10/23,297400,300000,109600,0,0,5
60,2007/10/24,278400,300000,322200,0,1,8
60,2007/10/25,334420,300000,407300,0,0,11
60,2007/10/26,128400,300000,103200,0,0,8
60,2007/10/27,310900,500000,462600,0,1,14
60,2007/10/28,312100,500000,362720,0,0,13
60,2007/10/29,436000,250000,147700,151000,1,8
60,2007/10/30,105800,250000,106200,17000,2,6
60,2007/10/31,288800,250000,264400,0,0,9
61,2007/10/1,500800,400000,415800,0,0,13
61,2007/10/2,376000,400000,207200,0,0,7
61,2007/10/3,640200,400000,553100,0,0,17
61,2007/10/4,285900,400000,564400,0,0,13
61,2007/10/5,332000,550000,430600,0,0,10
61,2007/10/6,324500,850000,446200,0,0,14
61,2007/10/7,755500,700000,454600,0,0,15
61,2007/10/8,632600,700000,247000,0,0,14
61,2007/10/9,752400,400000,360700,102000,0,7
61,2007/10/10,314000,400000,537000,0,0,12
61,2007/10/11,303200,400000,658100,0,0,18
61,2007/10/12,373200,550000,368100,264000,0,14
61,2007/10/13,445800,1000000,700000,87000,0,24
61,2007/10/14,713824,850000,548300,45000,0,20
61,2007/10/15,653000,400000,600000,277000,1,19
61,2007/10/16,365500,400000,432500,156000,0,19
61,2007/10/17,611500,400000,624200,0,0,12
61,2007/10/18,420000,400000,500500,35000,0,18
61,2007/10/19,560800,550000,612000,220000,1,10
61,2007/10/20,502700,800000,464300,0,0,11
61,2007/10/21,716500,700000,403700,0,0,13
61,2007/10/22,419600,400000,281400,0,0,12
61,2007/10/23,308300,400000,233000,43000,0,6
61,2007/10/24,459920,400000,437700,0,1,12
61,2007/10/25,451200,400000,270700,0,0,7
61,2007/10/26,200300,400000,480200,0,2,14
61,2007/10/27,227800,700000,564600,95600,1,16
61,2007/10/28,646200,600000,533300,55000,0,23
61,2007/10/29,526000,350000,317700,0,0,10
61,2007/10/30,311300,350000,275200,30000,3,8
61,2007/10/31,520800,350000,283800,102000,1,13
10,2007/10/1,109600,120000,167900,0,3,4
10,2007/10/2,55600,120000,379600,0,2,5
10,2007/10/3,125320,120000,186600,0,1,4
10,2007/10/4,158511,120000,348300,0,1,5
10,2007/10/5,189520,120000,202100,0,2,8
10,2007/10/6,144925,160000,359100,0,3,12
10,2007/10/7,122400,160000,201300,86000,2,7
10,2007/10/8,362577,150000,133900,0,2,7
10,2007/10/9,117400,110000,215500,0,2,6
10,2007/10/10,165500,110000,215000,0,1,8
10,2007/10/11,163580,120000,49400,0,2,3
10,2007/10/12,104100,120000,96500,0,1,5
10,2007/10/13,162000,160000,166100,0,3,9
10,2007/10/14,170600,140000,86400,22000,0,5
10,2007/10/15,175601,110000,203300,0,1,3
10,2007/10/16,142340,110000,237600,0,0,4
10,2007/10/17,82900,110000,55600,0,0,2
10,2007/10/18,162956,110000,110320,0,0,4
10,2007/10/19,120891,120000,92420,0,1,5
10,2007/10/20,109500,160000,279200,0,2,12
10,2007/10/21,150740,140000,285260,19000,2,6
10,2007/10/22,188800,110000,229160,0,2,9
10,2007/10/23,47940,110000,57320,0,1,2
10,2007/10/24,182282,120000,96760,0,1,9
10,2007/10/25,165700,120000,123260,0,2,5
10,2007/10/26,105740,120000,76300,18000,1,5
10,2007/10/27,202100,170000,197880,0,0,10
10,2007/10/28,124100,150000,199500,46000,3,11
10,2007/10/29,180560,120000,239980,0,2,11
10,2007/10/30,236696,120000,74729,0,1,4
10,2007/10/31,266301,170000,344400,74000,0,15
62,2007/10/1,300260,400000,207300,0,0,5
62,2007/10/2,200300,400000,454480,0,0,11
62,2007/10/3,408600,400000,440900,0,1,9
62,2007/10/4,201600,400000,533200,0,2,9
62,2007/10/5,215240,500000,854820,0,0,8
62,2007/10/6,1313700,1200000,819400,0,0,14
62,2007/10/7,1656100,1500000,765500,0,1,16
62,2007/10/8,573000,850000,602000,0,1,13
62,2007/10/9,262100,350000,267000,0,0,5
62,2007/10/10,547400,350000,501400,0,4,11
62,2007/10/11,216600,350000,1042500,0,1,12
62,2007/10/12,495000,600000,724600,0,4,22
62,2007/10/13,632000,800000,589600,0,3,15
62,2007/10/14,893200,800000,833500,0,2,17
62,2007/10/15,408300,500000,573500,0,4,15
62,2007/10/16,401100,500000,642800,0,4,14
62,2007/10/17,409720,500000,915000,0,0,14
62,2007/10/18,419400,500000,219500,0,5,8
62,2007/10/19,491200,500000,343800,0,1,9
62,2007/10/20,556200,700000,810000,0,3,18
62,2007/10/21,566500,700000,598000,0,3,13
62,2007/10/22,412800,350000,147840,0,1,6
62,2007/10/23,409200,350000,173900,0,1,8
62,2007/10/24,400620,350000,421400,0,1,6
62,2007/10/25,253300,350000,390560,0,2,10
62,2007/10/26,308700,350000,580360,0,4,13
62,2007/10/27,676240,700000,259200,0,2,8
62,2007/10/28,420400,700000,922400,0,2,19
62,2007/10/29,285800,350000,185020,0,1,6
62,2007/10/30,265400,350000,225043,0,0,6
62,2007/10/31,405500,350000,466300,0,0,4
57,2007/10/1,0,350000,522000,0,2,5
57,2007/10/2,0,350000,122900,0,0,6
57,2007/10/3,0,350000,351000,0,0,8
57,2007/10/4,0,350000,179000,0,2,4
57,2007/10/5,0,350000,643500,107000,0,12
57,2007/10/6,0,500000,416300,0,0,9
57,2007/10/7,0,600000,1037500,0,2,17
57,2007/10/8,0,550000,498000,0,6,8
57,2007/10/9,0,350000,128000,0,0,4
57,2007/10/10,0,350000,360700,0,0,9
57,2007/10/11,0,350000,296500,0,2,6
57,2007/10/12,0,350000,285000,0,0,4
57,2007/10/13,0,550000,128000,0,0,3
57,2007/10/14,0,500000,539000,0,3,6
57,2007/10/15,0,350000,247500,0,0,3
57,2007/10/16,0,350000,273000,149000,3,7
57,2007/10/17,0,350000,433000,107000,2,5
57,2007/10/18,0,350000,110200,0,0,4
57,2007/10/19,0,350000,354000,114000,0,7
57,2007/10/20,0,550000,1189800,0,3,7
57,2007/10/21,0,500000,1123500,150000,4,17
57,2007/10/22,0,350000,222500,0,2,4
57,2007/10/23,0,350000,85380,0,1,4
57,2007/10/24,0,350000,219000,0,1,6
57,2007/10/25,0,350000,592000,0,0,7
57,2007/10/26,0,350000,603000,0,2,5
57,2007/10/27,0,550000,370000,100000,2,8
57,2007/10/28,0,500000,218000,120000,2,6
57,2007/10/29,0,350000,237000,0,0,4
57,2007/10/30,0,350000,340800,0,0,9
57,2007/10/31,0,350000,165240,0,1,5
81,2007/10/1,0,0,0,0,0,0
81,2007/10/2,0,0,0,0,0,0
81,2007/10/3,0,0,0,0,0,0
81,2007/10/4,0,4000000,1359379,0,0,0
81,2007/10/5,0,3000000,620905,0,0,65
81,2007/10/6,0,3000000,1027622,0,0,104
81,2007/10/7,0,2000000,777500,0,0,82
81,2007/10/8,0,0,0,0,0,0
81,2007/10/9,0,0,0,0,0,0
81,2007/10/10,0,0,0,0,0,0
81,2007/10/11,0,0,0,0,0,0
81,2007/10/12,0,0,0,0,0,0
81,2007/10/13,0,0,0,0,0,0
81,2007/10/14,0,0,0,0,0,0
81,2007/10/15,0,0,0,0,0,0
81,2007/10/16,0,0,0,0,0,0
81,2007/10/17,0,0,0,0,0,0
81,2007/10/18,0,0,0,0,0,0
81,2007/10/19,0,0,0,0,0,0
81,2007/10/20,0,0,0,0,0,0
81,2007/10/21,0,0,0,0,0,0
81,2007/10/22,0,0,0,0,0,0
81,2007/10/23,0,0,0,0,0,0
81,2007/10/24,0,0,0,0,0,0
81,2007/10/25,0,0,0,0,0,0
81,2007/10/26,0,0,0,0,0,0
81,2007/10/27,0,0,0,0,0,0
81,2007/10/28,0,0,0,0,0,0
81,2007/10/29,0,0,0,0,0,0
81,2007/10/30,0,0,0,0,0,0
81,2007/10/31,0,0,0,0,0,0
63,2007/10/1,145000,250000,186000,0,0,3
63,2007/10/2,342000,250000,194000,0,1,2
63,2007/10/3,222200,250000,98500,0,0,1
63,2007/10/4,237000,250000,249000,0,0,3
63,2007/10/5,86000,250000,125500,0,0,2
63,2007/10/6,240000,450000,627000,0,3,7
63,2007/10/7,234000,450000,759000,0,3,8
63,2007/10/8,291000,300000,479000,0,1,4
63,2007/10/9,333000,300000,299000,0,0,3
63,2007/10/10,56500,300000,78000,0,0,1
63,2007/10/11,130000,300000,158000,0,0,2
63,2007/10/12,380000,300000,377000,0,1,4
63,2007/10/13,238000,400000,478000,0,2,5
63,2007/10/14,326100,400000,226000,0,1,3
63,2007/10/15,228000,250000,128500,0,1,2
63,2007/10/16,207500,250000,270000,0,2,3
63,2007/10/17,86500,250000,242000,0,0,3
63,2007/10/18,76000,250000,252900,0,0,4
63,2007/10/19,238000,250000,93100,0,1,1
63,2007/10/20,269000,350000,647200,0,0,7
63,2007/10/21,352000,350000,178000,0,0,2
63,2007/10/22,151000,250000,392000,0,0,4
63,2007/10/23,86700,250000,264000,0,2,3
63,2007/10/24,58400,250000,210000,0,1,3
63,2007/10/25,216500,250000,282000,0,0,1
63,2007/10/26,252500,250000,594000,0,4,6
63,2007/10/27,374000,350000,171600,0,0,2
63,2007/10/28,301100,350000,348900,0,1,3
63,2007/10/29,282000,250000,215500,0,0,2
63,2007/10/30,149600,200000,504000,0,3,6
63,2007/10/31,421000,200000,98000,0,0,1
64,2007/10/1,253600,120000,79000,0,0,4
64,2007/10/2,81700,120000,103000,95000,3,7
64,2007/10/3,135500,120000,134500,0,2,5
64,2007/10/4,108000,120000,213700,12000,3,10
64,2007/10/5,92000,120000,49000,27000,2,2
64,2007/10/6,90000,300000,491000,16000,8,9
64,2007/10/7,128500,250000,289500,59000,7,9
64,2007/10/8,198000,250000,209000,24000,5,9
64,2007/10/9,250000,120000,136500,49000,3,7
64,2007/10/10,124000,120000,123500,71000,3,7
64,2007/10/11,125000,120000,80000,22000,1,4
64,2007/10/12,23000,120000,32000,22000,1,4
64,2007/10/13,83000,300000,220300,12000,3,6
64,2007/10/14,186900,250000,145000,0,6,12
64,2007/10/15,168500,120000,98000,32000,0,8
64,2007/10/16,40000,120000,87000,66000,2,4
64,2007/10/17,97000,120000,114900,44000,1,5
64,2007/10/18,127000,120000,240800,0,6,12
64,2007/10/19,70500,120000,105100,24000,0,4
64,2007/10/20,148000,250000,128400,0,3,5
64,2007/10/21,268800,250000,330800,40000,6,15
64,2007/10/22,573000,120000,24000,12000,0,2
64,2007/10/23,13600,120000,192000,0,4,7
64,2007/10/24,128500,120000,234000,0,4,7
64,2007/10/25,131900,130000,70500,0,2,4
64,2007/10/26,130500,130000,215500,12000,5,13
64,2007/10/27,90500,300000,81000,0,1,3
64,2007/10/28,103100,250000,377800,27000,12,16
64,2007/10/29,137100,100000,155000,0,3,7
64,2007/10/30,87000,100000,39500,0,1,2
64,2007/10/31,218800,100000,201800,23000,3,10
53,2007/10/1,233500,350000,212000,46000,2,7
53,2007/10/2,421500,350000,117500,115000,0,10
53,2007/10/3,453000,450000,208700,0,0,12
53,2007/10/4,667400,450000,439200,34000,0,16
53,2007/10/5,335100,500000,427900,0,0,13
53,2007/10/6,800000,750000,438000,64000,0,12
53,2007/10/7,668000,750000,675000,0,0,23
53,2007/10/8,568000,600000,284000,0,4,8
53,2007/10/9,355700,350000,370900,0,0,10
53,2007/10/10,384400,350000,200200,0,5,8
53,2007/10/11,101600,450000,308200,51000,0,8
53,2007/10/12,651900,550000,254800,0,0,10
53,2007/10/13,701500,750000,350300,0,3,13
53,2007/10/14,1000400,850000,661600,0,0,17
53,2007/10/15,414200,350000,389400,0,0,11
53,2007/10/16,381000,350000,354200,53000,1,11
53,2007/10/17,370700,350000,117000,0,0,5
53,2007/10/18,770700,400000,509500,0,1,18
53,2007/10/19,353400,400000,352800,111000,0,13
53,2007/10/20,639700,650000,654000,0,0,16
53,2007/10/21,622000,600000,458200,0,4,12
53,2007/10/22,178400,300000,349700,0,0,14
53,2007/10/23,228000,350000,215600,0,1,11
53,2007/10/24,369500,350000,273400,0,2,13
53,2007/10/25,217000,400000,369000,0,0,6
53,2007/10/26,319500,450000,361800,0,1,14
53,2007/10/27,743900,750000,523600,132000,3,20
53,2007/10/28,985700,800000,689500,15000,3,20
53,2007/10/29,137400,300000,431200,0,0,14
53,2007/10/30,614000,350000,513400,121000,2,12
53,2007/10/31,318000,350000,303800,263000,0,18
54,2007/10/1,251200,300000,173000,30000,0,6
54,2007/10/2,291500,300000,463500,0,2,12
54,2007/10/3,211000,300000,211500,0,0,7
54,2007/10/4,459000,300000,391200,24000,1,8
54,2007/10/5,800200,300000,260000,0,1,5
54,2007/10/6,1327000,800000,527500,69000,2,11
54,2007/10/7,1253200,800000,213800,0,0,9
54,2007/10/8,845500,750000,451500,0,1,13
54,2007/10/9,660000,350000,457500,15000,0,7
54,2007/10/10,415000,350000,102000,36000,2,6
54,2007/10/11,550600,350000,190700,0,0,5
54,2007/10/12,615000,350000,372000,0,1,10
54,2007/10/13,843500,650000,287300,0,2,10
54,2007/10/14,785800,600000,215900,24000,0,12
54,2007/10/15,355000,350000,258000,201000,0,7
54,2007/10/16,559900,350000,84000,0,1,5
54,2007/10/17,593000,350000,210200,8000,1,8
54,2007/10/18,328000,350000,375000,0,0,11
54,2007/10/19,462000,350000,416400,0,2,8
54,2007/10/20,826200,700000,699000,19000,1,14
54,2007/10/21,445300,650000,549200,0,3,15
54,2007/10/22,254200,350000,92000,53000,0,4
54,2007/10/23,242000,350000,187000,14000,1,8
54,2007/10/24,238500,350000,132000,8000,0,5
54,2007/10/25,172000,350000,421600,0,0,13
54,2007/10/26,233500,350000,174000,55000,1,4
54,2007/10/27,608800,650000,745400,0,1,16
54,2007/10/28,781000,600000,540000,393000,1,14
54,2007/10/29,270000,300000,115000,0,1,3
54,2007/10/30,515900,300000,586800,146000,2,11
54,2007/10/31,205700,300000,444000,8000,1,8
55,2007/10/1,157000,380000,193000,0,2,5
55,2007/10/2,173500,380000,271000,55000,2,12
55,2007/10/3,551000,430000,600500,0,3,17
55,2007/10/4,416000,430000,670600,24000,0,14
55,2007/10/5,274000,450000,101800,44000,0,4
55,2007/10/6,398000,800000,266000,0,0,12
55,2007/10/7,679400,750000,522800,0,0,27
55,2007/10/8,669600,750000,706000,9000,0,19
55,2007/10/9,299000,320000,169000,24000,0,7
55,2007/10/10,583800,450000,82700,0,0,7
55,2007/10/11,175000,450000,177000,183000,0,10
55,2007/10/12,731000,450000,190200,0,1,7
55,2007/10/13,435100,800000,457800,48000,0,16
55,2007/10/14,745500,800000,917000,0,5,15
55,2007/10/15,252000,380000,395900,53000,2,13
55,2007/10/16,317800,380000,115000,0,0,7
55,2007/10/17,379000,450000,324000,0,2,11
55,2007/10/18,518600,450000,328300,0,1,11
55,2007/10/19,480000,450000,238600,0,3,9
55,2007/10/20,806300,800000,547800,56000,0,21
55,2007/10/21,735000,800000,405000,0,0,14
55,2007/10/22,88000,350000,286000,58000,2,12
55,2007/10/23,581000,350000,359000,54000,2,11
55,2007/10/24,328000,450000,358600,0,0,10
55,2007/10/25,493000,450000,301100,36000,1,14
55,2007/10/26,648000,450000,407000,0,1,12
55,2007/10/27,776500,750000,362200,0,2,14
55,2007/10/28,474000,750000,770000,0,3,19
55,2007/10/29,300400,350000,253600,0,1,11
55,2007/10/30,279500,350000,115600,0,0,10
55,2007/10/31,517000,400000,516500,0,0,13
56,2007/10/1,168000,270000,199000,0,1,6
56,2007/10/2,245000,270000,233000,0,2,7
56,2007/10/3,256000,270000,85000,0,1,3
56,2007/10/4,469000,270000,112000,0,0,4
56,2007/10/5,243000,270000,112000,0,2,8
56,2007/10/6,269000,550000,321000,167000,1,7
56,2007/10/7,680000,550000,525700,0,2,6
56,2007/10/8,852000,500000,507700,59000,0,11
56,2007/10/9,266000,200000,167700,0,2,6
56,2007/10/10,107000,250000,87000,0,1,3
56,2007/10/11,131000,250000,153000,0,0,4
56,2007/10/12,110000,250000,250500,27000,16,5
56,2007/10/13,302000,550000,284800,0,0,10
56,2007/10/14,933000,550000,415500,0,2,6
56,2007/10/15,225000,250000,84000,0,1,2
56,2007/10/16,212000,250000,81000,0,0,4
56,2007/10/17,144000,250000,282000,0,0,5
56,2007/10/18,149000,250000,243000,37000,1,7
56,2007/10/19,146000,250000,150000,0,1,2
56,2007/10/20,439000,550000,406000,257000,2,12
56,2007/10/21,704000,450000,658400,0,4,10
56,2007/10/22,101000,250000,170000,8000,0,5
56,2007/10/23,176000,250000,60000,0,0,3
56,2007/10/24,285000,250000,139000,76000,1,5
56,2007/10/25,81000,250000,100600,89000,1,5
56,2007/10/26,172000,250000,321000,0,1,6
56,2007/10/27,307000,450000,161500,0,0,5
56,2007/10/28,577000,400000,386000,0,1,8
56,2007/10/29,149000,250000,148200,0,0,5
56,2007/10/30,349000,200000,200000,0,0,4
56,2007/10/31,229000,200000,62000,0,0,4
67,2007/10/1,47000,80000,30100,0,0,2
67,2007/10/2,15600,0,0,0,0,0
67,2007/10/3,101000,100000,193000,0,0,5
67,2007/10/4,230600,100000,6000,0,0,2
67,2007/10/5,46000,150000,32000,0,0,1
67,2007/10/6,52000,200000,92000,0,0,2
67,2007/10/7,58000,100000,30000,0,0,1
67,2007/10/8,56000,80000,62500,0,0,3
67,2007/10/9,83200,0,0,0,0,0
67,2007/10/10,36000,100000,252800,0,1,4
67,2007/10/11,146000,100000,111000,0,0,3
67,2007/10/12,27000,150000,32000,0,0,1
67,2007/10/13,87000,200000,48400,0,1,3
67,2007/10/14,143000,150000,15000,0,0,1
67,2007/10/15,154200,80000,21500,0,0,1
67,2007/10/16,61000,0,0,0,0,0
67,2007/10/17,73000,100000,124000,0,0,3
67,2007/10/18,33000,100000,96000,0,1,2
67,2007/10/19,83000,150000,28000,0,0,1
67,2007/10/20,94000,200000,14500,0,0,1
67,2007/10/21,86000,100000,26600,0,0,1
67,2007/10/22,70000,100000,63000,0,0,1
67,2007/10/23,43000,0,0,0,0,0
67,2007/10/24,54000,120000,59000,0,0,2
67,2007/10/25,90400,140000,20800,0,0,1
67,2007/10/26,35000,150000,3000,0,0,1
67,2007/10/27,116000,200000,11000,0,1,1
67,2007/10/28,130000,150000,46000,0,0,1
67,2007/10/29,58400,100000,400,0,0,1
67,2007/10/30,33200,100000,111000,0,0,3
67,2007/10/31,164400,200000,109800,0,0,4
43,2007/10/1,500500,350000,350200,0,1,5
43,2007/10/2,437700,350000,757200,0,1,13
43,2007/10/3,304400,350000,301700,0,0,11
43,2007/10/4,318800,320000,274000,0,0,6
43,2007/10/5,181500,350000,143800,0,1,4
43,2007/10/6,459200,400000,447200,0,0,8
43,2007/10/7,485000,450000,288500,0,1,9
43,2007/10/8,369000,400000,237500,0,1,9
43,2007/10/9,254400,300000,217400,549900,0,6
43,2007/10/10,363000,330000,260000,0,1,6
43,2007/10/11,142200,320000,110000,0,0,3
43,2007/10/12,156000,330000,408000,0,0,9
43,2007/10/13,408000,400000,456300,0,2,14
43,2007/10/14,482000,400000,293880,0,0,11
43,2007/10/15,303200,320000,123600,0,1,6
43,2007/10/16,203100,300000,309500,0,0,10
43,2007/10/17,407400,320000,233200,0,0,10
43,2007/10/18,396400,300000,401300,0,1,10
43,2007/10/19,414000,320000,172300,0,0,5
43,2007/10/20,575000,500000,383400,0,0,13
43,2007/10/21,616700,450000,400900,0,1,6
43,2007/10/22,170000,380000,502500,0,0,5
43,2007/10/23,372200,350000,261000,276000,0,6
43,2007/10/24,468200,380000,283240,0,0,11
43,2007/10/25,407600,350000,364100,0,3,10
43,2007/10/26,311000,380000,348700,0,0,11
43,2007/10/27,457800,450000,260500,0,0,10
43,2007/10/28,380000,400000,306800,0,0,10
43,2007/10/29,416800,250000,187000,0,0,7
43,2007/10/30,262000,250000,345500,45000,1,11
43,2007/10/31,216700,250000,100200,0,0,6
45,2007/10/1,295400,230000,346000,0,2,6
45,2007/10/2,270000,230000,246600,0,1,7
45,2007/10/3,240000,200000,207000,0,0,7
45,2007/10/4,174000,230000,202000,0,0,6
45,2007/10/5,202500,300000,226400,0,0,4
45,2007/10/6,472000,550000,512200,0,0,9
45,2007/10/7,468500,450000,476700,0,2,13
45,2007/10/8,352800,400000,452800,0,2,11
45,2007/10/9,222400,250000,163900,0,0,5
45,2007/10/10,265000,200000,164600,0,0,5
45,2007/10/11,194200,200000,352000,0,0,7
45,2007/10/12,312000,230000,233000,0,1,6
45,2007/10/13,443400,500000,418400,0,0,10
45,2007/10/14,519200,450000,262000,0,0,6
45,2007/10/15,200700,250000,365600,148000,0,5
45,2007/10/16,290000,200000,242000,0,0,5
45,2007/10/17,302900,230000,367000,0,0,7
45,2007/10/18,254200,250000,305000,118000,0,6
45,2007/10/19,209400,300000,505500,0,2,10
45,2007/10/20,476000,430000,315200,0,0,9
45,2007/10/21,569000,470000,393000,0,0,12
45,2007/10/22,305000,200000,342000,0,0,6
45,2007/10/23,164500,200000,185000,0,1,7
45,2007/10/24,223000,200000,449900,0,0,9
45,2007/10/25,263000,250000,157500,0,1,6
45,2007/10/26,255700,350000,253000,0,0,6
45,2007/10/27,355000,500000,313000,259000,0,10
45,2007/10/28,533200,500000,485400,0,0,12
45,2007/10/29,470500,250000,233000,0,1,6
45,2007/10/30,262000,250000,381600,0,1,9
45,2007/10/31,500800,250000,201600,0,1,7
52,2007/10/1,212800,220000,294000,0,0,2
52,2007/10/2,222000,240000,356000,115000,0,6
52,2007/10/3,197000,260000,282800,282000,1,15
52,2007/10/4,107500,220000,224000,0,0,5
52,2007/10/5,371000,240000,401300,0,0,8
52,2007/10/6,358500,590000,268200,32000,0,9
52,2007/10/7,324200,450000,179200,43000,0,2
52,2007/10/8,306600,340000,409800,0,1,7
52,2007/10/9,350200,290000,238400,32000,2,4
52,2007/10/10,115900,250000,309140,0,0,9
52,2007/10/11,156000,250000,318800,0,2,7
52,2007/10/12,133500,270000,186000,23000,0,6
52,2007/10/13,955000,630000,511800,173000,0,18
52,2007/10/14,409000,470000,290000,0,0,8
52,2007/10/15,391500,260000,166400,0,0,10
52,2007/10/16,394400,260000,130800,0,1,7
52,2007/10/17,361300,270000,276100,0,0,13
52,2007/10/18,158200,260000,345500,80000,1,14
52,2007/10/19,132800,290000,158500,90000,3,6
52,2007/10/20,393000,710000,805500,128000,0,22
52,2007/10/21,563200,500000,504700,8000,6,20
52,2007/10/22,140500,340000,424700,0,1,10
52,2007/10/23,344700,230000,169500,0,0,6
52,2007/10/24,117100,230000,231400,0,2,4
52,2007/10/25,344800,240000,353500,64500,2,11
52,2007/10/26,146700,240000,154000,0,0,11
52,2007/10/27,759900,600000,275600,0,0,13
52,2007/10/28,312700,350000,206600,0,0,8
52,2007/10/29,394300,200000,269500,35000,0,7
52,2007/10/30,277800,160000,208000,0,1,14
52,2007/10/31,375500,140000,187500,0,0,8
48,2007/10/1,455000,450000,410000,108000,2,6
48,2007/10/2,350500,450000,744100,15000,0,14
48,2007/10/3,301000,500000,526900,287000,1,12
48,2007/10/4,522000,450000,567000,0,0,10
48,2007/10/5,281800,500000,424800,309000,0,10
48,2007/10/6,500400,800000,440700,154000,2,14
48,2007/10/7,507700,700000,575000,65000,0,12
48,2007/10/8,523200,550000,415500,0,0,10
48,2007/10/9,531000,400000,514000,0,1,15
48,2007/10/10,312200,450000,617000,0,0,12
48,2007/10/11,585200,400000,387400,0,0,10
48,2007/10/12,700300,500000,216500,0,0,6
48,2007/10/13,901000,900000,463400,48000,4,14
48,2007/10/14,469000,700000,600300,121000,0,18
48,2007/10/15,269900,400000,540200,213000,2,12
48,2007/10/16,470700,400000,348400,65000,0,7
48,2007/10/17,580700,450000,348200,26000,0,10
48,2007/10/18,589600,400000,432000,149000,2,11
48,2007/10/19,668100,500000,200900,24000,1,11
48,2007/10/20,659000,800000,311800,0,0,11
48,2007/10/21,400100,600000,465000,0,2,9
48,2007/10/22,704400,400000,600100,0,0,17
48,2007/10/23,252000,400000,400200,0,0,13
48,2007/10/24,405400,450000,777500,0,1,19
48,2007/10/25,341000,400000,201000,0,1,9
48,2007/10/26,300000,500000,710200,106000,1,17
48,2007/10/27,577200,700000,411500,0,0,9
48,2007/10/28,722800,600000,517500,0,1,11
48,2007/10/29,648800,400000,213800,30000,0,9
48,2007/10/30,483400,400000,211700,106000,3,6
48,2007/10/31,585800,450000,523000,373000,1,13
49,2007/10/1,973100,1000000,1061900,136000,1,25
49,2007/10/2,728900,1000000,906300,0,1,25
49,2007/10/3,729300,1000000,950500,113000,4,21
49,2007/10/4,821600,1000000,795000,0,1,15
49,2007/10/5,502300,1000000,1253700,271000,0,33
49,2007/10/6,1317200,1550000,1176000,0,1,28
49,2007/10/7,1234200,1600000,1345700,0,4,39
49,2007/10/8,1165700,1450000,1093600,98000,4,29
49,2007/10/9,572000,800000,540700,39000,0,15
49,2007/10/10,757200,800000,618400,222000,2,18
49,2007/10/11,621800,800000,705900,0,3,21
49,2007/10/12,759600,800000,648100,223000,1,21
49,2007/10/13,869900,1200000,777400,137000,3,34
49,2007/10/14,744400,1100000,819700,0,2,30
49,2007/10/15,613100,700000,455400,110000,2,17
49,2007/10/16,600100,700000,780400,38000,2,14
49,2007/10/17,862600,700000,671900,108000,2,21
49,2007/10/18,605600,700000,530200,137000,0,24
49,2007/10/19,669800,700000,661200,351000,2,29
49,2007/10/20,1254300,1200000,867240,433000,0,31
49,2007/10/21,802700,1100000,921300,93000,4,35
49,2007/10/22,402100,600000,302600,156000,0,15
49,2007/10/23,646800,600000,637900,70000,0,26
49,2007/10/24,603600,600000,725500,0,2,34
49,2007/10/25,848700,600000,757900,222000,1,26
49,2007/10/26,756500,600000,882700,0,0,20
49,2007/10/27,1016100,1200000,604820,0,1,25
49,2007/10/28,904200,1100000,902700,0,3,35
49,2007/10/29,552400,600000,311600,126000,1,21
49,2007/10/30,877800,600000,544000,0,3,20
49,2007/10/31,1187800,600000,449400,0,1,18
44,2007/10/1,509400,700000,748700,274000,0,23
44,2007/10/2,428600,700000,708600,156000,0,23
44,2007/10/3,802500,750000,670300,198000,0,22
44,2007/10/4,811200,750000,1133300,266000,0,21
44,2007/10/5,706200,750000,662500,0,0,24
44,2007/10/6,922300,1200000,1446100,161000,0,40
44,2007/10/7,1315700,1300000,1125600,137000,0,28
44,2007/10/8,846900,1000000,844600,0,0,26
44,2007/10/9,602400,700000,390500,165000,0,13
44,2007/10/10,1063700,1000000,705600,33000,0,27
44,2007/10/11,755500,1000000,937200,0,5,23
44,2007/10/12,1043200,1000000,917300,133000,1,29
44,2007/10/13,1282200,1300000,855400,75000,2,32
44,2007/10/14,946600,1000000,719000,182000,0,26
44,2007/10/15,522500,750000,432800,0,0,16
44,2007/10/16,534800,750000,627200,104000,3,19
44,2007/10/17,501500,850000,1139500,0,0,34
44,2007/10/18,812900,850000,664500,17000,0,24
44,2007/10/19,756000,850000,611300,93000,0,21
44,2007/10/20,1219700,1200000,825600,177000,2,34
44,2007/10/21,861900,1000000,1305800,54000,1,21
44,2007/10/22,709100,700000,301200,25000,2,25
44,2007/10/23,536000,700000,540600,268000,0,0
44,2007/10/24,603000,750000,486300,0,0,19
44,2007/10/25,876400,850000,703900,0,0,26
44,2007/10/26,658200,850000,474400,144000,0,21
44,2007/10/27,832100,1100000,1062000,0,1,28
44,2007/10/28,1042000,900000,937900,0,1,28
44,2007/10/29,883600,600000,724300,174000,0,18
44,2007/10/30,819000,650000,574400,106000,0,20
44,2007/10/31,800500,1500000,2040100,329000,1,33
50,2007/10/1,368400,350000,440200,0,0,10
50,2007/10/2,200200,350000,642000,8000,1,9
50,2007/10/3,415200,350000,301200,96000,0,7
50,2007/10/4,361500,350000,319200,84000,0,9
50,2007/10/5,200400,350000,257000,0,1,6
50,2007/10/6,558400,550000,467200,0,1,14
50,2007/10/7,615200,550000,283800,30000,0,7
50,2007/10/8,320200,450000,325300,0,0,12
50,2007/10/9,163000,300000,460700,195000,1,9
50,2007/10/10,389200,300000,231900,0,0,8
50,2007/10/11,568200,300000,458000,0,0,8
50,2007/10/12,528200,300000,213900,33000,0,12
50,2007/10/13,501500,550000,379200,110000,1,12
50,2007/10/14,487700,500000,275600,85000,0,12
50,2007/10/15,268800,300000,262600,0,0,7
50,2007/10/16,171800,300000,352000,76000,0,11
50,2007/10/17,155500,300000,362800,24000,1,9
50,2007/10/18,252500,300000,328500,0,2,10
50,2007/10/19,246500,300000,200900,40000,0,12
50,2007/10/20,257500,500000,326200,118000,1,14
50,2007/10/21,490400,500000,275400,0,0,10
50,2007/10/22,277100,300000,153000,0,0,6
50,2007/10/23,313000,300000,153000,16000,0,8
50,2007/10/24,215800,300000,344700,74000,0,11
50,2007/10/25,332000,250000,617200,187000,2,14
50,2007/10/26,268100,250000,210400,0,1,12
50,2007/10/27,499400,450000,376600,0,2,12
50,2007/10/28,513200,450000,208700,90000,0,9
50,2007/10/29,164800,250000,274800,15000,0,11
50,2007/10/30,215000,200000,241300,126000,1,17
50,2007/10/31,203000,200000,260800,0,0,10
51,2007/10/1,583000,250000,138000,141000,0,5
51,2007/10/2,244400,250000,209200,0,1,8
51,2007/10/3,787400,250000,366000,0,2,4
51,2007/10/4,461800,250000,211300,0,0,6
51,2007/10/5,215800,300000,390200,95000,1,8
51,2007/10/6,110500,400000,226700,65000,0,4
51,2007/10/7,383000,400000,337700,0,2,7
51,2007/10/8,258000,450000,225200,0,0,5
51,2007/10/9,432200,250000,123600,0,0,6
51,2007/10/10,202200,250000,335600,0,1,4
51,2007/10/11,387600,250000,291800,0,1,4
51,2007/10/12,507200,400000,287600,98000,1,6
51,2007/10/13,309000,600000,607900,33000,0,14
51,2007/10/14,751400,600000,602500,27000,0,9
51,2007/10/15,714000,300000,194000,0,0,7
51,2007/10/16,341000,300000,268200,176000,0,7
51,2007/10/17,222000,300000,227800,0,0,6
51,2007/10/18,100000,300000,254500,140000,3,8
51,2007/10/19,158000,350000,303400,24000,2,10
51,2007/10/20,303000,500000,467000,0,0,10
51,2007/10/21,530000,550000,459500,0,1,9
51,2007/10/22,407700,300000,350500,0,0,5
51,2007/10/23,169800,300000,200600,0,0,9
51,2007/10/24,354000,300000,196000,0,1,3
51,2007/10/25,352300,300000,500000,74000,0,11
51,2007/10/26,335600,350000,359000,78000,0,5
51,2007/10/27,457100,500000,215000,0,1,5
51,2007/10/28,601700,550000,467200,0,3,13
51,2007/10/29,273200,300000,178000,104000,0,2
51,2007/10/30,265400,300000,209200,115000,0,4
51,2007/10/31,350700,300000,225000,0,2,4
38,2007/10/1,262200,250000,276300,192000,0,13
38,2007/10/2,117000,250000,216000,115800,1,8
38,2007/10/3,467000,250000,170900,49000,0,9
38,2007/10/4,218400,300000,334700,312200,1,14
38,2007/10/5,381300,600000,1233900,110000,1,22
38,2007/10/6,865100,650000,835400,54000,1,20
38,2007/10/7,375400,600000,743600,118000,0,24
38,2007/10/8,243000,550000,800000,0,0,25
38,2007/10/9,330400,350000,440000,17700,1,6
38,2007/10/10,388500,300000,336000,0,1,10
38,2007/10/11,551700,300000,300000,354000,0,8
38,2007/10/12,276700,300000,459000,206000,0,5
38,2007/10/13,171200,300000,147000,104000,0,7
38,2007/10/14,229200,300000,577800,0,0,17
38,2007/10/15,504000,350000,376700,50000,0,11
38,2007/10/16,397100,350000,384500,0,1,9
38,2007/10/17,291000,350000,251000,12000,0,9
38,2007/10/18,566000,350000,547000,58000,0,13
38,2007/10/19,301900,350000,219000,0,0,10
38,2007/10/20,206000,400000,400000,9000,0,14
38,2007/10/21,189000,300000,326000,107000,1,15
38,2007/10/22,421400,250000,125500,0,1,9
38,2007/10/23,181200,250000,131000,34000,0,6
38,2007/10/24,159400,300000,247000,0,2,14
38,2007/10/25,135000,300000,243000,69000,1,6
38,2007/10/26,582200,400000,532000,207000,0,14
38,2007/10/27,610000,450000,400000,10000,0,12
38,2007/10/28,437400,400000,419000,82000,0,10
38,2007/10/29,175500,300000,103600,0,0,7
38,2007/10/30,351400,300000,125000,0,0,4
38,2007/10/31,357100,300000,223200,132000,1,11
36,2007/10/1,427600,400000,477000,0,0,10
36,2007/10/2,226300,400000,323000,75000,1,6
36,2007/10/3,213000,400000,435000,176000,0,11
36,2007/10/4,355000,400000,265100,185000,0,13
36,2007/10/5,362600,400000,179800,190400,1,5
36,2007/10/6,813200,750000,925800,0,0,12
36,2007/10/7,615600,650000,351300,406000,0,14
36,2007/10/8,272400,550000,940000,0,1,24
36,2007/10/9,118500,300000,585600,126000,0,11
36,2007/10/10,310500,300000,335600,207000,1,13
36,2007/10/11,100460,350000,733600,86000,0,11
36,2007/10/12,411000,350000,214900,746000,0,5
36,2007/10/13,622000,550000,1235200,0,0,25
36,2007/10/14,500500,550000,301500,279000,0,10
36,2007/10/15,385500,350000,462000,288000,0,11
36,2007/10/16,157000,350000,324200,0,0,10
36,2007/10/17,468000,350000,302500,0,2,11
36,2007/10/18,427000,350000,267000,80000,0,5
36,2007/10/19,461000,350000,137200,362000,0,7
36,2007/10/20,600200,550000,507000,377000,2,13
36,2007/10/21,536000,550000,398800,331000,1,15
36,2007/10/22,155000,350000,281000,173000,0,9
36,2007/10/23,227200,350000,330000,0,1,7
36,2007/10/24,283300,350000,405000,0,1,11
36,2007/10/25,437700,350000,223600,196000,0,8
36,2007/10/26,437400,400000,290600,122000,0,12
36,2007/10/27,678000,650000,512200,165000,1,14
36,2007/10/28,636400,650000,351000,0,0,5
36,2007/10/29,519500,400000,429000,0,0,11
36,2007/10/30,322000,400000,182000,83000,1,12
36,2007/10/31,337000,400000,334800,0,1,10
41,2007/10/1,317600,420000,247000,0,0,6
41,2007/10/2,185000,420000,294000,0,0,5
41,2007/10/3,154000,420000,424400,0,1,11
41,2007/10/4,203000,420000,220800,0,1,8
41,2007/10/5,304000,420000,370500,0,0,12
41,2007/10/6,803500,650000,814000,0,0,15
41,2007/10/7,326050,650000,701300,0,0,14
41,2007/10/8,222000,600000,417500,0,0,13
41,2007/10/9,311000,350000,283000,0,0,11
41,2007/10/10,201000,350000,543000,0,0,11
41,2007/10/11,265300,350000,115000,0,0,6
41,2007/10/12,412000,350000,357600,178000,0,8
41,2007/10/13,421000,650000,247600,619000,1,8
41,2007/10/14,155400,600000,316400,0,0,8
41,2007/10/15,344800,400000,385000,0,1,8
41,2007/10/16,201000,400000,315000,0,0,8
41,2007/10/17,288600,400000,366000,272000,0,6
41,2007/10/18,243000,400000,400000,0,0,5
41,2007/10/19,223250,400000,187500,0,0,8
41,2007/10/20,375000,650000,456600,0,0,12
41,2007/10/21,244000,600000,492500,0,0,2
41,2007/10/22,145000,400000,121200,0,0,5
41,2007/10/23,409000,400000,370500,0,0,7
41,2007/10/24,342000,400000,451500,0,0,11
41,2007/10/25,287900,400000,264500,0,0,5
41,2007/10/26,413200,400000,179100,242000,0,9
41,2007/10/27,414700,550000,621000,0,1,13
41,2007/10/28,600700,500000,363000,0,0,8
41,2007/10/29,84800,350000,178800,0,0,8
41,2007/10/30,118000,350000,108400,0,0,5
41,2007/10/31,567400,350000,100000,0,0,4
39,2007/10/1,329000,200000,201000,44000,0,4
39,2007/10/2,155880,200000,31000,17000,0,3
39,2007/10/3,214000,200000,49800,0,0,3
39,2007/10/4,72400,200000,399000,0,3,10
39,2007/10/5,76000,200000,166000,51000,0,9
39,2007/10/6,227500,350000,238900,15000,0,6
39,2007/10/7,291700,350000,440000,0,0,7
39,2007/10/8,260000,300000,106000,0,0,4
39,2007/10/9,95400,200000,219000,0,1,5
39,2007/10/10,134200,200000,217400,22000,2,8
39,2007/10/11,45800,200000,44800,11000,0,2
39,2007/10/12,61000,200000,219400,0,1,7
39,2007/10/13,308000,330000,190400,51000,0,9
39,2007/10/14,316800,320000,580400,42000,0,15
39,2007/10/15,197500,200000,202400,0,2,5
39,2007/10/16,142500,200000,230000,67000,3,10
39,2007/10/17,212000,200000,351000,0,1,5
39,2007/10/18,74400,200000,96000,8000,1,3
39,2007/10/19,192400,200000,260800,110000,1,4
39,2007/10/20,231300,300000,374700,10000,3,11
39,2007/10/21,218000,300000,180200,188000,2,7
39,2007/10/22,166500,180000,70800,0,0,2
39,2007/10/23,71000,180000,242300,0,1,5
39,2007/10/24,104760,180000,202000,12000,0,4
39,2007/10/25,280200,180000,291500,53000,1,7
39,2007/10/26,159500,180000,53000,53000,0,3
39,2007/10/27,262800,300000,437100,0,2,11
39,2007/10/28,307800,300000,238000,25000,1,6
39,2007/10/29,197000,150000,74600,111000,0,3
39,2007/10/30,186500,150000,464300,19000,0,7
39,2007/10/31,129600,150000,150000,0,0,4
70,2007/10/1,138500,180000,57200,18000,2,6
70,2007/10/2,112300,180000,152400,0,3,6
70,2007/10/3,108400,180000,77100,0,1,6
70,2007/10/4,66700,180000,23400,0,0,4
70,2007/10/5,146000,190000,117900,0,0,7
70,2007/10/6,86200,220000,129400,25000,1,9
70,2007/10/7,66100,220000,255100,0,1,10
70,2007/10/8,138000,200000,38900,0,1,6
70,2007/10/9,136700,180000,65800,0,0,5
70,2007/10/10,86200,180000,23500,0,1,2
70,2007/10/11,97900,180000,17300,0,0,2
70,2007/10/12,61500,190000,26500,0,0,4
70,2007/10/13,119300,230000,230600,32000,1,10
70,2007/10/14,131800,230000,122800,0,0,10
70,2007/10/15,58500,180000,135900,0,2,11
70,2007/10/16,30900,180000,152700,36000,2,10
70,2007/10/17,60600,180000,161700,0,0,10
70,2007/10/18,164000,180000,36300,0,0,4
70,2007/10/19,30900,190000,85500,0,4,9
70,2007/10/20,140600,220000,139700,0,0,15
70,2007/10/21,165300,220000,88600,24000,2,10
70,2007/10/22,218300,180000,40200,0,0,4
70,2007/10/23,109400,180000,114729,49000,0,14
70,2007/10/24,46600,180000,233000,0,0,9
70,2007/10/25,132300,180000,192000,0,0,14
70,2007/10/26,116500,190000,86100,0,0,12
70,2007/10/27,210700,230000,127981,0,0,15
70,2007/10/28,145600,230000,139100,0,0,15
70,2007/10/29,152100,180000,107060,0,1,15
70,2007/10/30,72200,180000,83800,0,0,6
70,2007/10/31,88800,180000,102400,0,0,11
40,2007/10/1,0,0,,0,0,1
40,2007/10/2,0,0,,0,0,0
40,2007/10/3,0,0,,0,0,1
40,2007/10/4,0,0,,0,0,1
40,2007/10/5,0,0,,0,0,2
40,2007/10/6,0,0,,0,3,3
40,2007/10/7,0,0,,0,0,3
40,2007/10/8,0,0,,0,0,2
40,2007/10/9,0,0,,0,0,0
40,2007/10/10,0,0,,0,0,3
40,2007/10/11,0,0,,0,0,3
40,2007/10/12,0,0,,0,0,1
40,2007/10/13,0,0,,0,0,2
40,2007/10/14,0,0,,0,0,2
40,2007/10/15,0,0,,29000,1,1
40,2007/10/16,0,0,,0,0,0
40,2007/10/17,0,0,,0,0,2
40,2007/10/18,0,0,,0,0,1
40,2007/10/19,0,0,,0,1,4
40,2007/10/20,0,0,,0,0,1
40,2007/10/21,0,0,,0,0,4
40,2007/10/22,0,0,,0,0,1
40,2007/10/23,0,0,0,0,0,0
40,2007/10/24,0,0,22600,0,1,3
40,2007/10/25,0,0,3700,0,0,1
40,2007/10/26,0,0,21000,0,0,1
40,2007/10/27,0,0,0,0,0,0
40,2007/10/28,0,0,10800,0,0,1
40,2007/10/29,0,0,,0,0,2
40,2007/10/30,0,0,,0,0,0
40,2007/10/31,0,0,,0,0,0
42,2007/10/1,178000,230000,57000,82000,1,4
42,2007/10/2,158000,230000,179000,38000,1,3
42,2007/10/3,146200,230000,27200,0,0,2
42,2007/10/4,253000,230000,138000,0,1,3
42,2007/10/5,166000,260000,12000,0,0,1
42,2007/10/6,41400,260000,244600,29000,1,5
42,2007/10/7,194200,250000,373300,120000,2,10
42,2007/10/8,280100,250000,92900,0,1,3
42,2007/10/9,145500,230000,55000,0,1,2
42,2007/10/10,90400,230000,91800,0,0,1
42,2007/10/11,86000,230000,111000,0,1,2
42,2007/10/12,55000,250000,330000,0,0,5
42,2007/10/13,36000,250000,170000,0,2,7
42,2007/10/14,53000,240000,424000,0,0,6
42,2007/10/15,196200,230000,51000,0,1,3
42,2007/10/16,112000,230000,176000,0,1,3
42,2007/10/17,0,230000,18000,0,1,1
42,2007/10/18,135000,230000,113200,0,0,2
42,2007/10/19,216000,240000,126400,26000,0,6
42,2007/10/20,146000,250000,270000,18000,2,6
42,2007/10/21,112800,240000,52900,0,1,2
42,2007/10/22,302000,230000,215500,0,4,4
42,2007/10/23,27300,230000,81400,0,1,3
42,2007/10/24,150600,230000,130500,0,0,3
42,2007/10/25,28000,240000,26000,0,0,1
42,2007/10/26,118000,260000,98000,0,1,3
42,2007/10/27,122000,250000,369000,0,2,2
42,2007/10/28,204000,250000,184000,0,2,2
42,2007/10/29,211400,230000,132000,0,1,2
42,2007/10/30,365000,230000,76000,47000,1,3
42,2007/10/31,138400,230000,93600,0,0,1
71,2007/10/1,0,0,0,0,0,0
71,2007/10/2,0,200000,103042,0,0,22
71,2007/10/3,0,0,0,0,0,0
71,2007/10/4,0,0,0,0,0,0
71,2007/10/5,0,400000,401520,0,0,69
71,2007/10/6,0,300000,215218,42700,2,35
71,2007/10/7,0,300000,152415,0,0,25
71,2007/10/8,0,250000,156915,0,0,32
71,2007/10/9,0,200000,161321,0,0,34
71,2007/10/10,0,200000,184506,21600,0,35
71,2007/10/11,0,200000,188134,0,0,17
71,2007/10/12,0,250000,99850,0,3,17
71,2007/10/13,0,250000,174699,0,5,18
71,2007/10/14,0,250000,163635,0,1,23
71,2007/10/15,0,200000,101493,0,4,16
71,2007/10/16,0,200000,107158,32550,2,22
71,2007/10/17,0,200000,51095,14700,1,18
71,2007/10/18,0,200000,100029,14700,1,18
71,2007/10/19,0,250000,94403,31400,0,19
71,2007/10/20,0,250000,87943,0,0,18
71,2007/10/21,0,200000,145382,13000,4,23
71,2007/10/22,0,200000,85241,20400,4,18
71,2007/10/23,0,200000,156615,0,3,20
71,2007/10/24,0,200000,105940,54500,1,19
71,2007/10/25,0,250000,75350,0,1,12
71,2007/10/26,0,250000,131030,0,3,14
71,2007/10/27,0,250000,167218,0,0,31
71,2007/10/28,0,250000,279322,0,0,37
71,2007/10/29,0,200000,141550,11000,3,21
71,2007/10/30,0,200000,87110,0,3,15
71,2007/10/31,0,200000,129431,0,3,21
46,2007/10/1,0,300000,354000,12000,2,10
46,2007/10/2,0,300000,504000,83000,3,11
46,2007/10/3,0,300000,263000,22000,0,6
46,2007/10/4,0,300000,516000,0,5,10
46,2007/10/5,0,300000,644200,222000,3,14
46,2007/10/6,0,450000,426300,0,4,12
46,2007/10/7,0,500000,208700,147000,0,8
46,2007/10/8,0,450000,251500,0,2,6
46,2007/10/9,0,300000,185500,22000,0,4
46,2007/10/10,0,300000,339000,65000,0,9
46,2007/10/11,0,300000,545800,158000,0,8
46,2007/10/12,0,300000,500000,89000,3,8
46,2007/10/13,0,500000,735000,39000,0,14
46,2007/10/14,0,450000,200100,48000,0,7
46,2007/10/15,0,300000,122400,12000,0,4
46,2007/10/16,0,250000,420800,0,1,7
46,2007/10/17,0,250000,333200,34000,0,9
46,2007/10/18,0,250000,278000,0,1,4
46,2007/10/19,0,250000,143000,116000,0,5
46,2007/10/20,0,450000,516300,0,1,18
46,2007/10/21,0,450000,460700,151000,1,7
46,2007/10/22,0,250000,346600,0,0,9
46,2007/10/23,0,250000,182400,0,0,6
46,2007/10/24,0,250000,300200,0,0,11
46,2007/10/25,0,250000,374400,76000,1,8
46,2007/10/26,0,250000,298700,0,0,10
46,2007/10/27,0,450000,122200,96000,0,6
46,2007/10/28,0,400000,440400,46000,0,20
46,2007/10/29,0,250000,118000,0,0,3
46,2007/10/30,0,200000,135400,0,0,6
46,2007/10/31,0,200000,104200,166000,0,8
58,2007/10/1,0,550000,183600,0,2,4
58,2007/10/2,0,550000,451000,0,5,8
58,2007/10/3,0,550000,223000,0,1,6
58,2007/10/4,0,550000,374800,0,3,7
58,2007/10/5,0,600000,261000,0,0,5
58,2007/10/6,0,700000,371000,0,0,6
58,2007/10/7,0,650000,730000,0,0,15
58,2007/10/8,0,600000,432000,0,0,14
58,2007/10/9,0,550000,250000,0,0,6
58,2007/10/10,0,550000,255000,0,4,7
58,2007/10/11,0,550000,130000,0,2,4
58,2007/10/12,0,600000,640000,0,4,12
58,2007/10/13,0,700000,550000,0,6,15
58,2007/10/14,0,600000,295500,0,0,7
58,2007/10/15,0,550000,385000,0,3,8
58,2007/10/16,0,550000,171000,0,2,5
58,2007/10/17,0,550000,155000,0,3,8
58,2007/10/18,0,550000,688000,0,0,13
58,2007/10/19,0,600000,164000,0,0,7
58,2007/10/20,0,700000,777000,0,3,13
58,2007/10/21,0,600000,529000,0,4,13
58,2007/10/22,0,550000,381000,0,1,10
58,2007/10/23,0,550000,226000,0,2,6
58,2007/10/24,0,550000,303000,0,3,8
58,2007/10/25,0,550000,354000,0,3,4
58,2007/10/26,0,600000,246000,0,1,7
58,2007/10/27,0,700000,384000,0,2,11
58,2007/10/28,0,600000,420600,0,4,8
58,2007/10/29,0,500000,166000,0,1,3
58,2007/10/30,0,500000,338000,0,0,11
58,2007/10/31,0,500000,341200,0,0,7
75,2007/10/1,315600,300000,208800,56000,2,10
75,2007/10/2,252900,300000,193700,32000,4,9
75,2007/10/3,162300,300000,117900,12200,2,10
75,2007/10/4,167400,300000,122000,77200,1,0
75,2007/10/5,227400,300000,165400,0,4,13
75,2007/10/6,241000,350000,137200,19000,0,11
75,2007/10/7,162800,300000,200700,19000,5,11
75,2007/10/8,127700,300000,145100,0,1,10
75,2007/10/9,293500,300000,152400,0,1,8
75,2007/10/10,73900,300000,101300,53000,3,5
75,2007/10/11,147940,300000,109100,76900,3,7
75,2007/10/12,148900,300000,296300,83000,4,15
75,2007/10/13,150500,350000,273800,0,1,19
75,2007/10/14,127400,300000,144900,43000,2,9
75,2007/10/15,171700,300000,401900,23100,6,16
75,2007/10/16,376700,300000,196400,11000,1,14
75,2007/10/17,61100,300000,69600,0,0,10
75,2007/10/18,198300,300000,169900,0,0,14
75,2007/10/19,253400,300000,246200,0,2,16
75,2007/10/20,51200,350000,350660,0,5,24
75,2007/10/21,180300,300000,164300,124500,3,10
75,2007/10/22,277300,250000,341500,0,4,11
75,2007/10/23,287800,250000,240700,0,0,18
75,2007/10/24,100800,250000,78100,0,1,7
75,2007/10/25,173800,250000,135600,62500,4,9
75,2007/10/26,213300,250000,344160,2500,1,14
75,2007/10/27,74400,300000,410000,0,2,24
75,2007/10/28,173900,250000,259300,0,5,12
75,2007/10/29,187100,250000,154800,25600,3,9
75,2007/10/30,80900,250000,64200,0,3,8
75,2007/10/31,87500,250000,202100,92000,2,10
76,2007/10/1,269240,700000,521600,74000,0,13
76,2007/10/2,334700,700000,422000,240000,1,10
76,2007/10/3,550800,700000,350500,116000,4,12
76,2007/10/4,549400,700000,791000,22000,5,14
76,2007/10/5,733700,800000,350100,244000,7,14
76,2007/10/6,449600,1200000,838000,3500,7,25
76,2007/10/7,1127400,1100000,522400,52000,2,19
76,2007/10/8,903500,1000000,588800,88000,10,15
76,2007/10/9,457040,700000,300900,0,4,11
76,2007/10/10,209700,700000,245800,45000,2,10
76,2007/10/11,284700,700000,506900,39000,3,14
76,2007/10/12,531100,800000,352800,307000,6,10
76,2007/10/13,637300,1200000,924700,0,9,26
76,2007/10/14,477500,1100000,883000,0,7,16
76,2007/10/15,404000,700000,619480,17500,5,13
76,2007/10/16,568100,700000,471000,59000,5,11
76,2007/10/17,393600,700000,497400,57000,4,12
76,2007/10/18,801500,700000,690600,71000,3,13
76,2007/10/19,278000,800000,379140,27000,6,13
76,2007/10/20,948400,1200000,701000,0,7,15
76,2007/10/21,565600,1000000,654000,43000,6,17
76,2007/10/22,386500,600000,414200,0,5,11
76,2007/10/23,213700,600000,492000,192000,3,10
76,2007/10/24,617820,600000,340800,0,4,7
76,2007/10/25,366000,600000,678000,25000,6,14
76,2007/10/26,796420,800000,507880,0,7,10
76,2007/10/27,832500,1100000,864000,120800,7,17
76,2007/10/28,474600,1000000,858000,27000,7,18
76,2007/10/29,254400,600000,209600,74000,4,7
76,2007/10/30,336800,600000,298000,142000,3,7
76,2007/10/31,376200,600000,731000,100000,5,12
72,2007/10/1,34600,120000,237800,0,0,4
72,2007/10/2,17600,120000,146500,0,1,4
72,2007/10/3,27200,120000,5000,0,0,1
72,2007/10/4,39000,150000,72500,0,1,2
72,2007/10/5,28000,0,0,0,0,0
72,2007/10/6,20800,200000,186100,0,0,8
72,2007/10/7,26000,150000,183400,0,0,4
72,2007/10/8,144000,150000,115000,0,0,2
72,2007/10/9,36000,120000,45000,0,0,2
72,2007/10/10,9000,120000,40000,0,0,2
72,2007/10/11,124000,120000,6500,0,0,1
72,2007/10/12,3000,130000,18000,0,0,1
72,2007/10/13,27800,150000,84000,0,0,1
72,2007/10/14,211000,150000,51800,0,0,2
72,2007/10/15,49000,120000,35100,0,0,1
72,2007/10/16,37600,120000,110000,0,0,2
72,2007/10/17,28000,120000,92000,0,1,2
72,2007/10/18,53000,120000,12600,0,0,1
72,2007/10/19,47800,130000,33300,0,0,1
72,2007/10/20,39000,150000,15200,0,0,1
72,2007/10/21,142000,150000,13000,0,0,1
72,2007/10/22,56200,120000,21600,0,0,1
72,2007/10/23,15200,120000,19000,0,0,1
72,2007/10/24,20800,120000,66500,0,0,3
72,2007/10/25,47200,150000,7000,0,0,1
72,2007/10/26,39400,150000,56000,0,0,1
72,2007/10/27,4500,150000,54800,0,0,1
72,2007/10/28,28000,120000,28800,0,0,1
72,2007/10/29,63000,120000,7200,0,0,1
72,2007/10/30,144000,120000,154000,0,0,4
72,2007/10/31,16000,120000,43000,0,0,1
78,2007/10/1,204,1000,147,0,0,1
78,2007/10/2,580,1150,4651,0,4,21
78,2007/10/3,608.5,1250,921,0,0,0
78,2007/10/4,205,1400,1751,0,0,7
78,2007/10/5,1095,1600,4242.5,0,0,9
78,2007/10/6,220,2300,3175.6,0,0,12
78,2007/10/7,533,2100,1218,0,0,5
78,2007/10/8,1794.5,1200,279,0,0,1
78,2007/10/9,1766,1300,514,0,0,3
78,2007/10/10,570,1500,164,0,0,1
78,2007/10/11,180,1750,2907,0,0,2
78,2007/10/12,2770,1900,833.5,0,0,4
78,2007/10/13,3795,2500,1196,0,0,6
78,2007/10/14,2223,2200,1340.55,0,0,3
78,2007/10/15,715,1300,1850.2,0,0,4
78,2007/10/16,348,1500,1345,0,0,4
78,2007/10/17,0,1700,652,0,0,3
78,2007/10/18,230,1900,2554.1,0,0,8
78,2007/10/19,4673.5,2100,3275.75,0,0,8
78,2007/10/20,578.5,2400,3267,0,0,5
78,2007/10/21,780,2200,3133.23,0,0,9
78,2007/10/22,1300,1200,1761.4,0,0,6
78,2007/10/23,513.3,1400,1186.5,0,0,5
78,2007/10/24,710,1550,2237.75,0,0,6
78,2007/10/25,697,1750,855,0,0,4
78,2007/10/26,3000,2050,821,0,0,4
78,2007/10/27,1085,2200,6774.5,0,0,5
78,2007/10/28,1632,2100,1162,0,0,3
78,2007/10/29,1468.5,1300,425,0,0,1
78,2007/10/30,810,1500,0,0,0,0
78,2007/10/31,2106,1700,1085.6,0,0,5
79,2007/10/1,0,0,0,0,0,0
79,2007/10/2,0,0,0,0,0,0
79,2007/10/3,0,0,0,0,0,0
79,2007/10/4,0,0,0,0,0,0
79,2007/10/5,0,0,0,0,0,0
79,2007/10/6,0,0,0,0,0,0
79,2007/10/7,0,0,0,0,0,0
79,2007/10/8,0,0,0,0,0,0
79,2007/10/9,0,0,0,0,0,0
79,2007/10/10,0,0,0,0,0,0
79,2007/10/11,0,0,0,0,0,0
79,2007/10/12,0,0,0,0,0,0
79,2007/10/13,0,0,0,0,0,0
79,2007/10/14,0,0,0,0,0,0
79,2007/10/15,2675,10000,1064,0,0,2
79,2007/10/16,3000,10000,2738.2,0,0,4
79,2007/10/17,1365,7000,3490,0,0,6
79,2007/10/18,1360,10000,1897,0,0,4
79,2007/10/19,4974,25000,22830,0,0,28
79,2007/10/20,1816,30000,5981,0,0,9
79,2007/10/21,7448,35000,10557.5,0,0,14
79,2007/10/22,8654,10000,0,0,0,0
79,2007/10/23,13431,10000,3616,0,0,6
79,2007/10/24,9548,9000,5876,0,0,8
79,2007/10/25,1702,10000,0,0,0,0
79,2007/10/26,8015,20000,7446,0,0,10
79,2007/10/27,1096,25000,0,0,0,0
79,2007/10/28,10419,35000,0,0,0,0
79,2007/10/29,7486,15000,315,0,0,0
79,2007/10/30,9844,10000,4660,0,0,0
79,2007/10/31,5375,7000,8015,0,0,0
80,2007/10/1,685,926,0,0,0,0
80,2007/10/2,1275.08,926,1325.27,0,0,5
80,2007/10/3,946.47,926,384.62,0,0,1
80,2007/10/4,535.12,926,1473.25,0,4,6
80,2007/10/5,388.8,926,1124.58,0,0,5
80,2007/10/6,756.7,926,1693.14,0,0,7
80,2007/10/7,0,0,0,0,0,0
80,2007/10/8,656.35,926,597.83,0,0,2
80,2007/10/9,861.2,926,384.61,0,0,1
80,2007/10/10,560.21,926,673.08,0,0,3
80,2007/10/11,673.08,926,748.33,0,0,2
80,2007/10/12,1091.13,926,129,0,0,1
80,2007/10/13,338.63,926,1367.06,0,0,5
80,2007/10/14,0,0,0,0,0,0
80,2007/10/15,388.8,926,426.42,0,0,1
80,2007/10/16,948.26,926,0,0,0,0
80,2007/10/17,0,926,0,0,0,0
80,2007/10/18,551.84,926,974.08,0,0,2
80,2007/10/19,535.12,926,163.04,0,0,1
80,2007/10/20,836.12,926,401.34,0,0,3
80,2007/10/21,0,0,0,0,0,0
80,2007/10/22,384.62,926,0,0,0,0
80,2007/10/23,0,926,1,0,0,3
80,2007/10/24,969.91,926,493.31,0,0,1
80,2007/10/25,731.6,926,100.34,0,0,0
80,2007/10/26,100.33,926,0,0,0,2
80,2007/10/27,836.12,926,798.49,0,0,0
80,2007/10/28,0,0,0,13812.14,0,0
80,2007/10/29,0,926,104.52,0,0,1
80,2007/10/30,0,926,501.68,0,0,2
80,2007/10/31,376.25,926,819.4,0,0,1
