ID,日付,昨年実績,日割予算,売上実績,取置計,顧客計,客数計
12,2008-02-01,100200,200000,251900,0,0,13
12,2008-02-02,342800,300000,325600,0,0,26
12,2008-02-03,268900,300000,166900,0,0,14
12,2008-02-04,257200,200000,159400,0,0,11
12,2008-02-05,152300,200000,109700,0,0,9
12,2008-02-06,200600,200000,206100,0,0,15
12,2008-02-07,119800,200000,200200,0,0,14
12,2008-02-08,142900,200000,156800,0,0,11
12,2008-02-09,291100,300000,114300,0,0,9
12,2008-02-10,251300,300000,152100,0,0,17
12,2008-02-11,295300,300000,159200,0,0,16
12,2008-02-12,129200,200000,169300,0,0,13
12,2008-02-13,152200,200000,109800,0,0,8
12,2008-02-14,164700,200000,133800,0,0,11
12,2008-02-15,104400,150000,121300,0,1,8
12,2008-02-16,267100,300000,212900,0,0,13
12,2008-02-17,432100,300000,164800,0,1,12
12,2008-02-18,174700,150000,81800,0,0,6
12,2008-02-19,0,0,0,0,0,0
12,2008-02-20,144100,150000,115600,0,2,12
12,2008-02-21,227200,150000,142900,0,0,10
12,2008-02-22,226500,150000,227200,0,0,8
12,2008-02-23,237000,300000,201300,0,0,14
12,2008-02-24,471500,300000,259400,0,0,13
12,2008-02-25,172400,150000,150400,0,0,5
12,2008-02-26,236600,150000,171500,0,0,6
12,2008-02-27,221800,150000,168000,16800,0,10
12,2008-02-28,152900,150000,93100,0,0,5
12,2008-02-29,0,150000,150100,0,0,9
23,2008-02-01,0,120000,137500,0,2,6
23,2008-02-02,0,220000,33440,18000,1,3
23,2008-02-03,0,230000,35000,0,0,2
23,2008-02-04,0,150000,51040,0,0,4
23,2008-02-05,0,150000,82810,0,0,4
23,2008-02-06,0,120000,12160,0,0,3
23,2008-02-07,0,120000,74000,0,1,2
23,2008-02-08,0,120000,14800,0,2,2
23,2008-02-09,0,400000,102720,0,0,3
23,2008-02-10,0,300000,256960,0,3,6
23,2008-02-11,0,250000,128800,0,1,4
23,2008-02-12,0,150000,75200,0,1,5
23,2008-02-13,0,120000,168400,0,1,4
23,2008-02-14,0,120000,98800,59000,0,3
23,2008-02-15,0,150000,179000,0,0,5
23,2008-02-16,0,250000,59000,17000,1,2
23,2008-02-17,292440,300000,115300,0,0,6
23,2008-02-18,301000,140000,145200,24000,0,3
23,2008-02-19,102600,130000,148900,0,1,5
23,2008-02-20,208200,100000,73000,0,0,3
23,2008-02-21,268000,100000,60280,0,1,4
23,2008-02-22,101440,100000,61500,0,1,4
23,2008-02-23,202200,230000,96600,16000,2,5
23,2008-02-24,206400,220000,125400,17000,1,4
23,2008-02-25,172760,150000,55500,0,0,2
23,2008-02-26,151300,150000,96000,0,0,1
23,2008-02-27,119700,130000,151800,120000,2,4
23,2008-02-28,151460,130000,71000,107600,1,3
23,2008-02-29,0,150000,67000,0,1,1
14,2008-02-01,157100,200000,134600,0,1,19
14,2008-02-02,216700,250000,251400,0,0,28
14,2008-02-03,102700,250000,110500,0,1,13
14,2008-02-04,208600,230000,104100,7900,1,12
14,2008-02-05,201900,230000,175800,0,0,18
14,2008-02-06,316700,230000,214600,20900,1,21
14,2008-02-07,149400,230000,142200,0,0,14
14,2008-02-08,204800,230000,262300,0,0,24
14,2008-02-09,205700,340000,209600,0,2,24
14,2008-02-10,183600,340000,147100,0,1,14
14,2008-02-11,130300,250000,178600,18700,0,20
14,2008-02-12,282800,230000,158100,0,0,11
14,2008-02-13,206000,230000,230000,0,0,20
14,2008-02-14,129400,230000,111000,13800,0,11
14,2008-02-15,145800,230000,176000,0,3,15
14,2008-02-16,371400,350000,175000,0,1,18
14,2008-02-17,266800,350000,349100,0,0,24
14,2008-02-18,180600,250000,166100,22900,0,11
14,2008-02-19,151500,250000,241800,0,0,17
14,2008-02-20,109500,250000,150600,0,1,11
14,2008-02-21,294900,250000,153000,0,0,10
14,2008-02-22,328900,250000,136600,0,1,9
14,2008-02-23,281300,350000,316200,0,1,22
14,2008-02-24,251400,350000,166100,0,0,11
14,2008-02-25,277700,230000,198800,0,0,14
14,2008-02-26,193400,230000,239400,0,1,12
14,2008-02-27,300900,230000,101100,0,0,11
14,2008-02-28,205800,230000,281200,50600,1,17
14,2008-02-29,0,230000,234000,0,0,10
15,2008-02-01,288100,300000,355600,0,0,31
15,2008-02-02,451900,450000,412900,0,0,43
15,2008-02-03,404400,400000,271700,0,1,22
15,2008-02-04,223500,300000,291900,0,0,20
15,2008-02-05,302800,300000,221600,0,0,16
15,2008-02-06,279100,300000,256400,0,0,20
15,2008-02-07,214200,300000,254400,0,0,24
15,2008-02-08,264900,300000,311200,0,1,20
15,2008-02-09,577500,600000,300900,0,0,15
15,2008-02-10,459700,550000,381900,0,1,25
15,2008-02-11,543700,500000,325200,0,0,26
15,2008-02-12,521700,300000,153500,0,0,13
15,2008-02-13,212300,300000,92700,0,0,14
15,2008-02-14,288900,300000,86900,0,0,7
15,2008-02-15,263500,300000,172300,0,0,14
15,2008-02-16,415500,500000,344700,0,0,27
15,2008-02-17,512800,450000,379600,0,0,24
15,2008-02-18,209100,200000,111800,23800,0,10
15,2008-02-19,0,0,0,0,0,0
15,2008-02-20,305600,350000,304800,20600,0,23
15,2008-02-21,267400,350000,257900,0,0,17
15,2008-02-22,422200,350000,300100,0,0,21
15,2008-02-23,405600,550000,348600,0,0,23
15,2008-02-24,739100,500000,383700,32000,0,25
15,2008-02-25,383300,350000,206900,0,2,15
15,2008-02-26,511800,350000,237500,32400,0,12
15,2008-02-27,415700,350000,256200,0,1,17
15,2008-02-28,315800,350000,345900,0,1,15
15,2008-02-29,0,350000,245900,0,0,16
17,2008-02-01,252600,350000,250700,0,0,20
17,2008-02-02,416800,450000,416100,17800,0,30
17,2008-02-03,301900,450000,250900,0,0,26
17,2008-02-04,252100,350000,291800,0,1,18
17,2008-02-05,252700,300000,251900,0,0,16
17,2008-02-06,490000,350000,201700,0,0,13
17,2008-02-07,312800,350000,295900,0,0,19
17,2008-02-08,321500,350000,212800,0,0,16
17,2008-02-09,723200,550000,468700,0,0,21
17,2008-02-10,407500,450000,452000,0,0,25
17,2008-02-11,433500,450000,451500,0,0,22
17,2008-02-12,331500,300000,354500,0,1,16
17,2008-02-13,250500,300000,245500,23800,0,15
17,2008-02-14,361100,300000,237300,0,0,16
17,2008-02-15,304300,300000,364800,0,0,22
17,2008-02-16,300500,450000,407600,14000,0,26
17,2008-02-17,353000,450000,506600,0,2,24
17,2008-02-18,437500,350000,279200,0,0,15
17,2008-02-19,0,0,0,0,0,0
17,2008-02-20,0,300000,616500,0,0,34
17,2008-02-21,548800,300000,305800,0,0,29
17,2008-02-22,257400,350000,484400,9800,0,23
17,2008-02-23,565000,500000,454000,11800,0,31
17,2008-02-24,428900,450000,422400,0,0,0
17,2008-02-25,509900,350000,398400,0,0,0
17,2008-02-26,397000,350000,353600,0,0,19
17,2008-02-27,334200,350000,207700,0,0,14
17,2008-02-28,251700,350000,302100,0,0,18
17,2008-02-29,350000,350000,431700,37000,1,20
18,2008-02-01,70500,150000,175400,0,4,14
18,2008-02-02,154800,200000,231560,0,0,13
18,2008-02-03,163100,200000,201180,0,0,9
18,2008-02-04,157500,150000,213400,0,0,14
18,2008-02-05,99400,150000,207800,10800,0,6
18,2008-02-06,135800,150000,72700,0,0,10
18,2008-02-07,127300,150000,194100,0,0,12
18,2008-02-08,127200,150000,96500,0,0,7
18,2008-02-09,260800,250000,266300,0,0,14
18,2008-02-10,245300,250000,296600,0,0,14
18,2008-02-11,194100,250000,250400,0,0,11
18,2008-02-12,256100,150000,189100,0,0,7
18,2008-02-13,69100,150000,67100,0,2,5
18,2008-02-14,0,0,0,0,0,0
18,2008-02-15,175400,150000,113000,0,0,12
18,2008-02-16,169500,250000,251500,0,0,12
18,2008-02-17,137700,250000,256400,0,3,16
18,2008-02-18,255800,150000,174600,0,0,12
18,2008-02-19,196900,150000,334800,0,0,11
18,2008-02-20,101100,150000,150800,0,0,7
18,2008-02-21,183000,150000,162600,0,0,13
18,2008-02-22,386500,150000,77200,0,0,7
18,2008-02-23,343000,250000,225000,0,3,12
18,2008-02-24,188600,250000,287000,0,0,10
18,2008-02-25,235400,150000,279800,0,0,13
18,2008-02-26,225600,150000,200400,0,0,5
18,2008-02-27,254400,150000,223100,0,0,9
18,2008-02-28,139500,150000,161800,0,4,9
18,2008-02-29,0,150000,197700,0,0,8
13,2008-02-01,256100,450000,274700,0,0,12
13,2008-02-02,315500,850000,500800,0,0,17
13,2008-02-03,649600,850000,353400,17000,1,11
13,2008-02-04,660500,400000,123800,54000,0,9
13,2008-02-05,139000,400000,523400,0,0,8
13,2008-02-06,101400,400000,370000,0,1,7
13,2008-02-07,113200,400000,299000,0,1,7
13,2008-02-08,233900,400000,445600,16000,1,13
13,2008-02-09,817600,600000,648400,202000,2,15
13,2008-02-10,333800,600000,737400,0,1,12
13,2008-02-11,199600,450000,623300,15000,5,16
13,2008-02-12,326300,300000,361900,0,4,10
13,2008-02-13,156700,300000,256600,0,2,8
13,2008-02-14,281400,300000,154900,0,1,7
13,2008-02-15,191800,1000000,775600,0,0,28
13,2008-02-16,1107400,2000000,1212700,0,2,100
13,2008-02-17,718500,1300000,745400,55000,6,69
13,2008-02-18,173500,500000,416600,23000,2,35
13,2008-02-19,538500,500000,229300,56000,2,23
13,2008-02-20,317400,500000,789500,0,1,31
13,2008-02-21,146000,500000,425500,76000,4,24
13,2008-02-22,306800,500000,439900,119800,1,28
13,2008-02-23,432400,750000,437500,0,4,27
13,2008-02-24,411200,750000,755500,41000,3,35
13,2008-02-25,370900,400000,440400,49500,4,23
13,2008-02-26,196200,400000,483700,0,3,22
13,2008-02-27,411400,400000,271900,15000,4,20
13,2008-02-28,388100,400000,323000,13000,0,19
13,2008-02-29,0,400000,304800,0,1,18
27,2008-02-01,107300,200000,101000,0,1,2
27,2008-02-02,49400,400000,224300,0,1,10
27,2008-02-03,273200,400000,125000,0,0,4
27,2008-02-04,103800,150000,139600,0,1,5
27,2008-02-05,6700,150000,158200,0,1,6
27,2008-02-06,183300,150000,50500,0,0,1
27,2008-02-07,85800,150000,143800,0,1,4
27,2008-02-08,65500,150000,144000,0,0,6
27,2008-02-09,75000,300000,310239,0,1,11
27,2008-02-10,291300,300000,233500,144820,1,8
27,2008-02-11,305200,300000,363700,0,0,9
27,2008-02-12,112000,150000,56900,0,0,4
27,2008-02-13,0,200000,87400,0,1,3
27,2008-02-14,0,200000,172320,48000,1,5
27,2008-02-15,0,200000,175600,105820,1,13
27,2008-02-16,0,400000,49700,0,0,5
27,2008-02-17,0,400000,392500,0,0,9
27,2008-02-18,0,200000,221300,0,1,9
27,2008-02-19,0,200000,55800,28000,0,3
27,2008-02-20,0,200000,147300,0,1,7
27,2008-02-21,0,200000,86500,0,1,5
27,2008-02-22,276800,200000,75100,18800,0,6
27,2008-02-23,405240,400000,253100,0,1,7
27,2008-02-24,238900,400000,123500,0,1,6
27,2008-02-25,400200,200000,330620,0,0,9
27,2008-02-26,193300,200000,225920,43000,1,5
27,2008-02-27,237100,200000,205200,0,0,20
27,2008-02-28,96600,200000,244300,0,0,7
27,2008-02-29,0,200000,431020,0,2,10
28,2008-02-01,50100,150000,103700,0,1,8
28,2008-02-02,214400,400000,190800,32000,4,16
28,2008-02-03,336600,500000,121480,0,1,8
28,2008-02-04,95600,180000,134100,0,2,7
28,2008-02-05,40000,180000,103960,0,0,10
28,2008-02-06,90000,200000,95100,17700,0,6
28,2008-02-07,108800,180000,100700,0,1,10
28,2008-02-08,37000,180000,191110,28000,0,9
28,2008-02-09,169400,450000,119115,0,1,10
28,2008-02-10,339600,550000,421100,0,2,26
28,2008-02-11,217500,450000,466540,0,2,21
28,2008-02-12,34100,180000,62800,0,1,3
28,2008-02-13,135200,200000,82400,28000,0,8
28,2008-02-14,142000,180000,257900,0,0,10
28,2008-02-15,70600,150000,97100,0,0,7
28,2008-02-16,144000,450000,281100,0,0,15
28,2008-02-17,144300,500000,205610,0,0,8
28,2008-02-18,0,0,0,0,0,0
28,2008-02-19,0,0,0,0,0,0
28,2008-02-20,53800,200000,66000,29000,0,5
28,2008-02-21,49600,150000,59600,0,0,4
28,2008-02-22,109600,150000,129000,0,0,10
28,2008-02-23,173500,350000,252387,0,2,15
28,2008-02-24,306000,400000,224910,0,2,11
28,2008-02-25,112300,130000,66960,0,0,5
28,2008-02-26,127800,130000,68810,0,0,2
28,2008-02-27,146600,150000,188200,0,1,6
28,2008-02-28,47400,130000,184815,0,0,12
28,2008-02-29,0,130000,151100,0,0,9
16,2008-02-01,143900,240000,111200,0,0,5
16,2008-02-02,184700,350000,235300,0,1,16
16,2008-02-03,305400,350000,110800,0,0,6
16,2008-02-04,212400,240000,51600,0,1,3
16,2008-02-05,135600,240000,227800,0,0,11
16,2008-02-06,90600,240000,178300,0,1,8
16,2008-02-07,59300,240000,115400,0,0,5
16,2008-02-08,329500,240000,143100,58500,0,5
16,2008-02-09,304000,330000,137500,0,0,7
16,2008-02-10,287500,330000,99300,0,1,8
16,2008-02-11,277300,330000,164800,0,1,7
16,2008-02-12,232600,230000,242400,0,1,9
16,2008-02-13,59800,230000,138700,0,0,8
16,2008-02-14,120800,230000,177200,0,0,9
16,2008-02-15,138700,230000,236100,0,0,10
16,2008-02-16,206100,350000,221800,0,1,11
16,2008-02-17,102500,350000,154400,0,1,10
16,2008-02-18,193600,230000,89800,0,1,4
16,2008-02-19,71800,230000,114000,20000,0,5
16,2008-02-20,79000,230000,72000,0,0,3
16,2008-02-21,247400,230000,102800,0,1,6
16,2008-02-22,175800,230000,179800,13800,1,9
16,2008-02-23,104500,350000,222100,0,1,12
16,2008-02-24,365200,350000,265700,105800,1,15
16,2008-02-25,63200,200000,118200,0,0,7
16,2008-02-26,109300,200000,142400,0,0,6
16,2008-02-27,0,0,0,0,0,0
16,2008-02-28,0,0,0,0,0,0
16,2008-02-29,0,0,0,0,0,0
32,2008-02-01,94300,180000,10900,0,0,2
32,2008-02-02,255000,350000,37400,0,1,6
32,2008-02-03,195200,300000,167600,0,1,10
32,2008-02-04,118200,180000,80800,0,1,6
32,2008-02-05,0,0,0,0,0,0
32,2008-02-06,135600,180000,41700,0,0,2
32,2008-02-07,65800,180000,150700,0,1,5
32,2008-02-08,69500,180000,81900,0,0,5
32,2008-02-09,179400,350000,62100,0,1,7
32,2008-02-10,333400,350000,100700,0,1,8
32,2008-02-11,279000,350000,82600,0,0,6
32,2008-02-12,143000,180000,58500,0,1,5
32,2008-02-13,115300,180000,61600,0,0,4
32,2008-02-14,73700,180000,62500,0,0,7
32,2008-02-15,25800,180000,30300,0,0,5
32,2008-02-16,308400,350000,81900,0,0,6
32,2008-02-17,205400,350000,66400,0,1,6
32,2008-02-18,156400,180000,105000,0,1,6
32,2008-02-19,0,0,0,0,0,0
32,2008-02-20,102300,150000,93700,0,0,6
32,2008-02-21,82600,150000,89600,0,0,10
32,2008-02-22,85500,150000,83100,40800,1,5
32,2008-02-23,251200,300000,25600,0,0,3
32,2008-02-24,238100,300000,161400,12600,1,9
32,2008-02-25,92800,150000,135200,0,0,8
32,2008-02-26,103200,150000,9000,0,0,1
32,2008-02-27,31000,150000,42300,0,0,4
32,2008-02-28,78800,150000,48900,0,1,4
32,2008-02-29,0,150000,60600,0,0,6
33,2008-02-01,23600,200000,92200,0,1,2
33,2008-02-02,401500,350000,77000,0,2,4
33,2008-02-03,175400,350000,118700,0,1,5
33,2008-02-04,207200,200000,101900,0,0,4
33,2008-02-05,89100,200000,82600,0,1,3
33,2008-02-06,91800,200000,88900,0,0,7
33,2008-02-07,82100,200000,20900,0,1,2
33,2008-02-08,149100,200000,68500,0,0,4
33,2008-02-09,170300,350000,33600,0,1,4
33,2008-02-10,388900,300000,98300,0,0,5
33,2008-02-11,236600,300000,212500,39000,2,10
33,2008-02-12,68600,150000,62600,0,0,4
33,2008-02-13,115200,150000,41200,0,0,5
33,2008-02-14,74300,150000,22500,0,0,2
33,2008-02-15,55500,150000,13200,0,0,2
33,2008-02-16,300000,300000,172000,0,1,3
33,2008-02-17,180800,300000,60100,0,0,3
33,2008-02-18,150700,150000,78400,0,0,4
33,2008-02-19,174500,150000,35000,0,1,4
33,2008-02-20,0,0,0,0,0,0
33,2008-02-21,159000,150000,77600,0,0,4
33,2008-02-22,135600,150000,33800,0,1,2
33,2008-02-23,159000,300000,100500,0,0,7
33,2008-02-24,47700,300000,111100,13800,0,3
33,2008-02-25,85200,150000,110700,0,1,7
33,2008-02-26,99700,150000,41800,55000,0,2
33,2008-02-27,66200,150000,61000,0,1,2
33,2008-02-28,50200,150000,67600,0,2,3
33,2008-02-29,0,150000,32400,0,0,2
30,2008-02-01,104800,180000,218100,29000,1,10
30,2008-02-02,243800,270000,304500,0,2,15
30,2008-02-03,275400,270000,253000,0,0,9
30,2008-02-04,192800,230000,331000,0,3,11
30,2008-02-05,124400,230000,111100,0,1,5
30,2008-02-06,103400,230000,218400,0,1,10
30,2008-02-07,131100,230000,64600,0,0,3
30,2008-02-08,336800,230000,249000,0,3,8
30,2008-02-09,105100,260000,322900,0,3,15
30,2008-02-10,291400,260000,411300,0,3,16
30,2008-02-11,103200,250000,113400,0,1,7
30,2008-02-12,282200,230000,122800,0,1,5
30,2008-02-13,114900,230000,55300,0,0,3
30,2008-02-14,164200,230000,362200,0,4,14
30,2008-02-15,115800,230000,138800,0,1,5
30,2008-02-16,291600,260000,313700,0,3,13
30,2008-02-17,239700,260000,315000,32000,3,16
30,2008-02-18,87800,200000,158600,0,0,7
30,2008-02-19,72000,200000,111100,0,0,6
30,2008-02-20,341400,200000,234900,49800,1,11
30,2008-02-21,125600,200000,137900,14000,0,9
30,2008-02-22,100600,200000,277900,41790,0,10
30,2008-02-23,260600,260000,301600,0,3,11
30,2008-02-24,253400,260000,351200,25000,3,13
30,2008-02-25,381100,180000,317400,0,4,14
30,2008-02-26,120300,180000,192400,0,1,8
30,2008-02-27,127000,180000,204300,0,0,7
30,2008-02-28,148600,180000,343300,0,3,13
30,2008-02-29,0,180000,168500,39600,1,7
31,2008-02-01,236600,250000,23020,0,0,2
31,2008-02-02,265000,300000,136300,0,0,5
31,2008-02-03,383700,350000,254700,0,0,9
31,2008-02-04,269600,200000,73200,0,0,3
31,2008-02-05,138300,200000,71000,0,0,3
31,2008-02-06,76500,200000,73300,0,0,3
31,2008-02-07,185900,200000,110100,0,0,5
31,2008-02-08,103000,200000,78400,0,0,0
31,2008-02-09,104800,300000,185300,0,0,7
31,2008-02-10,525600,300000,84900,0,1,4
31,2008-02-11,233800,300000,110000,0,0,6
31,2008-02-12,100500,150000,135300,0,0,4
31,2008-02-13,61000,150000,56000,0,0,2
31,2008-02-14,170800,150000,136100,13800,0,5
31,2008-02-15,44300,150000,77600,0,0,2
31,2008-02-16,285800,250000,149900,0,0,6
31,2008-02-17,292800,300000,169800,0,0,8
31,2008-02-18,160300,200000,75300,0,0,3
31,2008-02-19,116600,200000,64900,0,0,4
31,2008-02-20,125040,200000,80600,0,0,3
31,2008-02-21,245100,200000,44500,0,0,2
31,2008-02-22,112500,250000,36500,0,0,3
31,2008-02-23,198100,350000,176300,0,0,1
31,2008-02-24,246100,400000,213500,0,0,7
31,2008-02-25,106800,250000,22400,0,0,2
31,2008-02-26,106800,250000,61000,29000,0,2
31,2008-02-27,73600,250000,25200,0,0,3
31,2008-02-28,81800,250000,158100,0,0,6
31,2008-02-29,0,250000,48300,0,0,3
69,2008-02-01,0,80000,82800,0,2,6
69,2008-02-02,0,100000,98900,0,0,6
69,2008-02-03,0,130000,36100,0,0,8
69,2008-02-04,0,100000,101800,0,0,5
69,2008-02-05,0,0,0,0,0,0
69,2008-02-06,0,100000,32200,0,0,4
69,2008-02-07,0,80000,62000,0,1,4
69,2008-02-08,0,80000,23500,0,1,3
69,2008-02-09,0,150000,128000,0,0,8
69,2008-02-10,0,150000,75600,0,5,9
69,2008-02-11,0,150000,102900,0,2,9
69,2008-02-12,0,0,0,0,0,0
69,2008-02-13,0,80000,147700,0,1,13
69,2008-02-14,0,70000,91800,0,0,6
69,2008-02-15,0,300000,380600,0,0,14
69,2008-02-16,0,150000,208000,0,0,14
69,2008-02-17,0,150000,125100,0,0,12
69,2008-02-18,0,100000,32300,0,0,5
69,2008-02-19,0,0,0,0,0,0
69,2008-02-20,0,100000,124100,0,0,9
69,2008-02-21,0,100000,141700,0,0,7
69,2008-02-22,0,130000,78900,0,0,6
69,2008-02-23,0,150000,97600,0,1,9
69,2008-02-24,0,150000,146800,0,4,15
69,2008-02-25,0,100000,130000,0,0,7
69,2008-02-26,0,0,0,0,0,0
69,2008-02-27,0,100000,181700,0,0,16
69,2008-02-28,0,100000,-19100,0,0,7
69,2008-02-29,0,100000,112100,0,2,7
34,2008-02-01,137800,200000,52900,0,0,5
34,2008-02-02,248000,350000,77100,0,0,4
34,2008-02-03,120000,350000,60500,0,0,6
34,2008-02-04,94800,250000,121000,0,3,7
34,2008-02-05,250800,250000,14500,0,0,2
34,2008-02-06,144200,250000,19800,0,0,2
34,2008-02-07,320000,250000,62500,0,0,4
34,2008-02-08,94800,250000,58600,0,1,4
34,2008-02-09,224000,350000,130280,0,0,8
34,2008-02-10,178600,350000,117300,0,1,8
34,2008-02-11,160600,300000,44300,0,0,5
34,2008-02-12,101700,200000,51900,0,0,5
34,2008-02-13,78000,200000,53600,0,1,5
34,2008-02-14,67600,200000,138100,0,0,9
34,2008-02-15,195100,200000,34300,0,0,4
34,2008-02-16,118200,300000,77100,0,1,6
34,2008-02-17,102700,300000,71400,0,1,4
34,2008-02-18,59800,150000,163700,0,1,8
34,2008-02-19,97600,150000,34000,0,1,3
34,2008-02-20,230800,150000,50500,0,0,3
34,2008-02-21,113700,150000,35300,0,0,3
34,2008-02-22,173500,150000,38600,0,0,2
34,2008-02-23,154800,350000,102500,0,0,6
34,2008-02-24,215800,350000,47600,0,0,3
34,2008-02-25,47400,200000,55600,0,0,4
34,2008-02-26,104800,200000,68200,0,0,4
34,2008-02-27,68200,200000,27500,9500,0,2
34,2008-02-28,152600,200000,110900,0,0,6
34,2008-02-29,0,200000,161100,0,0,8
29,2008-02-01,60000,140000,72600,0,1,7
29,2008-02-02,136200,280000,193700,13200,1,11
29,2008-02-03,213000,300000,178500,19800,2,8
29,2008-02-04,38600,150000,131500,0,0,5
29,2008-02-05,125800,170000,102500,0,0,7
29,2008-02-06,122200,170000,178200,0,2,9
29,2008-02-07,136700,170000,41700,9500,0,2
29,2008-02-08,166000,150000,40900,17400,1,4
29,2008-02-09,146200,280000,165600,0,1,9
29,2008-02-10,258900,300000,149100,0,0,8
29,2008-02-11,24800,270000,306700,0,1,15
29,2008-02-12,86100,150000,40600,0,0,4
29,2008-02-13,126900,160000,56600,27100,0,4
29,2008-02-14,0,160000,102100,12000,1,6
29,2008-02-15,68300,150000,141400,0,1,7
29,2008-02-16,52900,280000,264800,0,2,14
29,2008-02-17,266400,300000,144700,0,0,5
29,2008-02-18,88600,150000,117100,36000,0,9
29,2008-02-19,105500,160000,78000,0,0,6
29,2008-02-20,177600,160000,52500,0,0,5
29,2008-02-21,70600,0,0,0,0,0
29,2008-02-22,61800,140000,74300,0,2,3
29,2008-02-23,291800,260000,315100,0,3,12
29,2008-02-24,15600,280000,181000,79600,2,8
29,2008-02-25,122300,160000,134100,0,0,8
29,2008-02-26,71100,160000,42000,0,0,2
29,2008-02-27,100000,150000,105600,0,1,5
29,2008-02-28,81700,150000,189300,27000,4,10
29,2008-02-29,0,150000,135600,0,1,8
35,2008-02-01,0,150000,56600,0,0,5
35,2008-02-02,0,200000,57000,0,0,5
35,2008-02-03,0,200000,73000,0,0,4
35,2008-02-04,0,150000,40600,0,1,2
35,2008-02-05,0,150000,106000,0,0,9
35,2008-02-06,0,150000,19100,0,0,6
35,2008-02-07,0,150000,122500,0,0,7
35,2008-02-08,0,150000,87700,0,0,7
35,2008-02-09,0,200000,61100,0,0,5
35,2008-02-10,0,200000,158800,0,0,11
35,2008-02-11,0,200000,123500,0,1,10
35,2008-02-12,0,150000,12600,0,0,1
35,2008-02-13,0,150000,44400,0,2,3
35,2008-02-14,0,150000,199300,12600,0,9
35,2008-02-15,0,150000,75900,0,0,4
35,2008-02-16,0,250000,87100,12600,0,6
35,2008-02-17,0,250000,60000,0,1,2
35,2008-02-18,0,150000,94800,0,0,4
35,2008-02-19,0,150000,51200,0,1,3
35,2008-02-20,0,150000,59900,0,0,4
35,2008-02-21,0,150000,89800,0,0,7
35,2008-02-22,0,150000,76400,0,0,6
35,2008-02-23,0,250000,46800,0,0,3
35,2008-02-24,0,250000,78900,0,0,7
35,2008-02-25,0,150000,20800,0,0,2
35,2008-02-26,0,150000,49100,0,0,5
35,2008-02-27,0,150000,118400,0,0,5
35,2008-02-28,0,150000,81400,0,1,3
35,2008-02-29,0,150000,53900,0,0,5
19,2008-02-01,144000,250000,139620,0,1,9
19,2008-02-02,286700,400000,177000,0,6,11
19,2008-02-03,253980,400000,85980,0,0,7
19,2008-02-04,149260,200000,143500,0,1,7
19,2008-02-05,157860,200000,123270,0,1,8
19,2008-02-06,228160,200000,108780,0,0,9
19,2008-02-07,334520,200000,218020,151500,3,11
19,2008-02-08,450680,350000,307970,143000,2,13
19,2008-02-09,415660,500000,626280,0,1,21
19,2008-02-10,441000,500000,657280,0,5,20
19,2008-02-11,349000,400000,241960,0,2,17
19,2008-02-12,388620,350000,139160,29000,0,7
19,2008-02-13,224260,350000,100500,0,3,10
19,2008-02-14,358120,350000,362000,75000,1,5
19,2008-02-15,140320,350000,283120,4000,2,11
19,2008-02-16,307480,600000,408640,0,2,13
19,2008-02-17,617620,600000,234960,0,3,14
19,2008-02-18,156200,350000,127000,0,2,7
19,2008-02-19,0,0,0,0,0,0
19,2008-02-20,0,0,0,0,0,0
19,2008-02-21,317000,350000,350700,0,3,16
19,2008-02-22,332400,450000,400880,95500,5,19
19,2008-02-23,526960,700000,723700,108800,5,29
19,2008-02-24,420580,700000,177600,0,1,10
19,2008-02-25,252160,350000,351760,0,2,15
19,2008-02-26,116840,350000,303960,0,5,10
19,2008-02-27,138000,350000,123680,116700,4,8
19,2008-02-28,76300,350000,344400,0,2,10
19,2008-02-29,0,350000,101560,0,0,8
20,2008-02-01,256940,250000,147360,0,2,9
20,2008-02-02,381940,400000,216640,73000,2,16
20,2008-02-03,380720,350000,326840,0,3,16
20,2008-02-04,343500,260000,232760,0,3,9
20,2008-02-05,279060,260000,88340,72600,1,7
20,2008-02-06,200060,260000,132380,60000,2,7
20,2008-02-07,305200,260000,105820,0,0,8
20,2008-02-08,256180,260000,202320,190000,4,9
20,2008-02-09,307700,450000,183880,40000,4,8
20,2008-02-10,313920,400000,164520,13000,2,9
20,2008-02-11,256960,400000,330340,17800,4,14
20,2008-02-12,145560,250000,188600,35000,0,6
20,2008-02-13,291400,250000,314260,95700,2,9
20,2008-02-14,165920,250000,90960,84000,2,5
20,2008-02-15,1326440,650000,772240,266200,1,27
20,2008-02-16,551080,550000,1000520,150000,5,30
20,2008-02-17,966920,750000,435080,0,3,21
20,2008-02-18,251700,250000,241540,0,2,8
20,2008-02-19,0,0,0,0,0,0
20,2008-02-20,0,300000,548400,98000,4,15
20,2008-02-21,381140,300000,481720,31500,2,15
20,2008-02-22,195040,300000,260500,38800,2,2
20,2008-02-23,351140,600000,387100,167500,4,14
20,2008-02-24,313120,500000,203280,30000,2,11
20,2008-02-25,344180,300000,190380,0,2,8
20,2008-02-26,510040,300000,88020,81500,0,5
20,2008-02-27,315060,300000,127000,165500,3,6
20,2008-02-28,281720,300000,350560,0,1,5
20,2008-02-29,0,300000,518160,0,5,17
21,2008-02-01,181500,180000,127620,33000,1,12
21,2008-02-02,213100,330000,182920,0,4,18
21,2008-02-03,270100,300000,128700,0,0,5
21,2008-02-04,88860,200000,202500,34080,1,13
21,2008-02-05,88240,200000,92580,270000,1,7
21,2008-02-06,198220,200000,137540,113000,2,8
21,2008-02-07,114560,200000,121280,24000,0,9
21,2008-02-08,205220,200000,207120,108000,2,12
21,2008-02-09,320020,330000,362960,0,4,14
21,2008-02-10,403720,300000,413140,0,6,18
21,2008-02-11,443100,250000,400160,0,0,20
21,2008-02-12,158700,200000,110000,0,3,7
21,2008-02-13,34300,200000,117300,163500,1,6
21,2008-02-14,203300,200000,202960,0,2,9
21,2008-02-15,129240,200000,111720,0,2,7
21,2008-02-16,828000,550000,1014960,0,5,27
21,2008-02-17,548300,450000,584220,0,1,20
21,2008-02-18,90780,220000,259980,0,2,12
21,2008-02-19,237800,220000,176440,83500,1,5
21,2008-02-20,300420,220000,235960,0,2,7
21,2008-02-21,103660,220000,199800,522000,2,8
21,2008-02-22,318740,220000,232610,185000,3,11
21,2008-02-23,310320,380000,382840,48200,4,18
21,2008-02-24,591660,350000,535300,0,7,21
21,2008-02-25,163800,220000,252640,0,2,14
21,2008-02-26,270000,240000,121900,74000,1,5
21,2008-02-27,270120,240000,214540,0,4,10
21,2008-02-28,220400,240000,186200,57000,2,8
21,2008-02-29,0,240000,184260,2000,3,13
22,2008-02-01,570200,500000,389400,0,1,11
22,2008-02-02,589300,650000,375500,42000,0,15
22,2008-02-03,710460,600000,161500,0,0,4
22,2008-02-04,219600,450000,165700,0,0,6
22,2008-02-05,316280,400000,319100,284900,0,15
22,2008-02-06,280500,350000,92400,80900,1,5
22,2008-02-07,611200,350000,333000,0,0,11
22,2008-02-08,281200,350000,233500,0,0,9
22,2008-02-09,788100,900000,540500,98000,0,12
22,2008-02-10,786800,800000,565400,0,0,27
22,2008-02-11,634080,600000,421200,33800,1,19
22,2008-02-12,638700,600000,205700,109900,0,9
22,2008-02-13,108420,450000,93300,20000,0,6
22,2008-02-14,259300,450000,91500,21000,0,6
22,2008-02-15,455700,450000,574800,0,0,18
22,2008-02-16,480400,650000,354600,0,0,16
22,2008-02-17,622600,600000,203500,7800,0,9
22,2008-02-18,365600,400000,220200,8000,0,9
22,2008-02-19,597500,400000,115280,21000,0,9
22,2008-02-20,851800,400000,194220,17000,0,7
22,2008-02-21,399600,350000,317600,31000,0,14
22,2008-02-22,330700,350000,158800,0,0,6
22,2008-02-23,468800,500000,341100,65000,1,16
22,2008-02-24,376100,450000,477940,17000,0,12
22,2008-02-25,379100,400000,337400,135200,1,13
22,2008-02-26,488200,400000,424700,0,1,13
22,2008-02-27,365600,400000,305000,29000,0,11
22,2008-02-28,383940,400000,371700,0,0,14
22,2008-02-29,0,400000,565100,0,1,19
24,2008-02-01,209800,150000,77900,0,1,4
24,2008-02-02,63600,250000,292100,71000,0,9
24,2008-02-03,193600,250000,11300,0,0,1
24,2008-02-04,135300,200000,82000,0,1,2
24,2008-02-05,150600,200000,43440,0,0,3
24,2008-02-06,114600,200000,30320,0,0,2
24,2008-02-07,107000,200000,72800,0,0,5
24,2008-02-08,204340,200000,101600,0,0,4
24,2008-02-09,66600,350000,318100,0,2,10
24,2008-02-10,233640,300000,131600,39000,0,5
24,2008-02-11,236100,220000,270440,0,1,11
24,2008-02-12,157800,220000,32000,0,0,1
24,2008-02-13,223300,220000,117000,9800,0,5
24,2008-02-14,158800,220000,158200,0,0,6
24,2008-02-15,142200,220000,105800,11800,0,5
24,2008-02-16,279240,250000,819500,695800,0,10
24,2008-02-17,609200,250000,465400,0,0,6
24,2008-02-18,198080,200000,127200,0,1,5
24,2008-02-19,111600,200000,51800,0,0,2
24,2008-02-20,137100,200000,119000,0,1,5
24,2008-02-21,265900,200000,101800,0,1,6
24,2008-02-22,392000,200000,209040,0,0,5
24,2008-02-23,219400,300000,142800,0,0,4
24,2008-02-24,116600,300000,260000,0,0,8
24,2008-02-25,208000,200000,113440,0,0,4
24,2008-02-26,109600,200000,53700,0,1,4
24,2008-02-27,38500,200000,231600,117000,0,7
24,2008-02-28,503400,200000,200200,0,0,6
24,2008-02-29,0,200000,71100,0,1,4
26,2008-02-01,281900,300000,200160,17800,1,8
26,2008-02-02,251900,350000,248400,14000,3,12
26,2008-02-03,289700,300000,211200,58000,2,5
26,2008-02-04,273000,275000,162900,0,0,8
26,2008-02-05,219600,275000,89800,0,1,4
26,2008-02-06,124740,275000,258500,91500,0,9
26,2008-02-07,106800,275000,226800,0,0,7
26,2008-02-08,141600,300000,187200,71800,1,8
26,2008-02-09,653120,400000,184600,0,1,4
26,2008-02-10,411700,350000,104500,0,0,5
26,2008-02-11,189900,350000,332040,79000,1,12
26,2008-02-12,424600,300000,308980,38080,2,10
26,2008-02-13,244400,300000,105100,0,0,4
26,2008-02-14,379500,300000,121400,0,0,5
26,2008-02-15,223840,500000,189240,24800,1,10
26,2008-02-16,385200,550000,173640,0,1,7
26,2008-02-17,221000,450000,298480,84000,0,11
26,2008-02-18,277690,250000,165000,26000,1,8
26,2008-02-19,176000,250000,340040,29000,1,11
26,2008-02-20,300000,250000,291500,62800,2,8
26,2008-02-21,418400,250000,163920,36000,2,5
26,2008-02-22,235500,250000,278700,42000,2,9
26,2008-02-23,202028,350000,591440,80400,0,10
26,2008-02-24,560000,300000,379480,32800,0,11
26,2008-02-25,702300,250000,553400,62800,1,11
26,2008-02-26,263060,250000,281100,0,0,11
26,2008-02-27,443600,250000,184600,59000,1,8
26,2008-02-28,200600,250000,495380,80900,1,10
26,2008-02-29,0,250000,365000,96500,2,13
25,2008-02-01,39600,100000,308900,0,0,4
25,2008-02-02,137200,100000,669300,0,0,13
25,2008-02-03,512100,100000,274600,0,0,7
25,2008-02-04,109700,100000,394300,0,0,6
25,2008-02-05,8800,100000,165900,0,0,6
25,2008-02-06,50000,100000,46000,0,0,2
25,2008-02-07,67400,100000,198400,0,0,3
25,2008-02-08,82400,100000,69800,0,0,3
25,2008-02-09,86000,120000,23800,0,0,2
25,2008-02-10,184600,120000,330100,0,0,9
25,2008-02-11,268000,120000,319800,0,0,3
25,2008-02-12,159200,120000,59800,0,0,2
25,2008-02-13,8800,120000,14400,0,0,3
25,2008-02-14,41600,120000,35500,0,0,3
25,2008-02-15,56600,120000,411200,0,1,5
25,2008-02-16,246300,140000,119000,0,0,5
25,2008-02-17,306000,120000,56800,0,0,2
25,2008-02-18,207800,120000,39600,0,0,5
25,2008-02-19,223300,120000,23800,0,1,2
25,2008-02-20,85800,120000,28300,0,0,2
25,2008-02-21,298000,120000,238700,0,0,3
25,2008-02-22,290200,120000,114600,0,0,15
25,2008-02-23,185900,300000,611900,0,0,9
25,2008-02-24,61300,300000,246000,0,0,11
25,2008-02-25,140000,180000,158800,0,0,4
25,2008-02-26,86200,180000,147600,0,0,5
25,2008-02-27,13800,180000,285600,0,0,2
25,2008-02-28,286300,180000,380600,0,0,3
25,2008-02-29,0,180000,309600,0,1,15
68,2008-02-01,0,100000,24600,0,0,3
68,2008-02-02,0,300000,163780,0,0,5
68,2008-02-03,0,300000,192100,0,0,10
68,2008-02-04,0,150000,154740,0,0,12
68,2008-02-05,0,150000,74000,0,0,4
68,2008-02-06,0,150000,131000,0,2,1
68,2008-02-07,0,150000,52600,0,0,3
68,2008-02-08,0,150000,128900,0,0,8
68,2008-02-09,0,300000,108840,0,0,8
68,2008-02-10,0,300000,240400,0,0,10
68,2008-02-11,0,300000,133700,0,0,14
68,2008-02-12,0,150000,108000,0,1,6
68,2008-02-13,0,150000,152900,0,1,5
68,2008-02-14,0,150000,417200,0,1,12
68,2008-02-15,0,150000,164700,0,1,5
68,2008-02-16,0,400000,228700,0,0,7
68,2008-02-17,0,400000,65900,0,0,2
68,2008-02-18,0,150000,134200,0,0,5
68,2008-02-19,0,200000,79240,0,0,3
68,2008-02-20,0,200000,34400,0,0,3
68,2008-02-21,0,200000,25140,0,0,4
68,2008-02-22,0,200000,38500,0,0,3
68,2008-02-23,0,400000,343660,0,0,5
68,2008-02-24,0,400000,193400,0,0,3
68,2008-02-25,0,200000,118500,0,0,6
68,2008-02-26,0,200000,6400,0,0,2
68,2008-02-27,0,200000,74100,0,1,3
68,2008-02-28,0,200000,114300,0,1,3
68,2008-02-29,0,200000,128500,0,0,3
8,2008/2/1,367190,780000,205500,15000,0,16
8,2008/2/2,682525,960000,323300,0,0,18
8,2008/2/3,645710,960000,342300,1260,0,13
8,2008/2/4,288310,800000,311540,1200,1,20
8,2008/2/5,308600,800000,362300,35000,0,18
8,2008/2/6,273567,800000,439192,18000,0,19
8,2008/2/7,406042,800000,842220,378420,3,27
8,2008/2/8,550810,810000,747500,0,1,25
8,2008/2/9,245000,1000000,296550,0,0,19
8,2008/2/10,390880,1010000,614390,0,0,30
8,2008/2/11,162300,900000,575860,0,1,40
8,2008/2/12,873930,810000,630060,0,1,17
8,2008/2/13,694350,810000,427910,105500,1,20
8,2008/2/14,363294,810000,328050,37300,1,28
8,2008/2/15,2214680,810000,389240,240000,1,26
8,2008/2/16,377400,1010000,608890,18000,1,0
8,2008/2/17,1355330,1010000,294550,30000,1,25
8,2008/2/18,407880,810000,389520,0,0,22
8,2008/2/19,1262350,810000,260608,174000,1,18
8,2008/2/20,821140,810000,672500,147300,1,18
8,2008/2/21,492418,810000,396320,189000,0,20
8,2008/2/22,2150550,810000,460548,135200,0,18
8,2008/2/23,757762,1010000,501740,0,0,18
8,2008/2/24,848900,1010000,272650,567000,1,20
8,2008/2/25,510200,810000,334600,300000,0,16
8,2008/2/26,127500,810000,595800,0,1,18
8,2008/2/27,765168,590000,128970,78400,0,13
8,2008/2/28,747150,810000,1008217,9000,2,20
8,2008/2/29,0,810000,229924,54000,1,25
11,2008-02-01,126100,250000,209900,14000,5,14
11,2008-02-02,66700,300000,252450,0,2,22
11,2008-02-03,155850,300000,78700,0,2,11
11,2008-02-04,48480,200000,168550,0,2,16
11,2008-02-05,172950,200000,163400,0,1,15
11,2008-02-06,108800,200000,66650,0,0,10
11,2008-02-07,60580,200000,76050,0,1,15
11,2008-02-08,41980,200000,207900,488000,1,16
11,2008-02-09,103900,300000,109800,43000,2,15
11,2008-02-10,94150,250000,276640,30900,1,17
11,2008-02-11,120050,200000,241920,11500,0,15
11,2008-02-12,101800,200000,80170,40000,0,12
11,2008-02-13,150800,200000,119650,0,1,18
11,2008-02-14,47450,200000,228700,0,3,10
11,2008-02-15,92400,200000,210910,0,3,18
11,2008-02-16,90550,250000,138160,170000,2,19
11,2008-02-17,169580,250000,117890,0,2,9
11,2008-02-18,43050,200000,324410,0,1,18
11,2008-02-19,0,0,0,0,0,0
11,2008-02-20,0,0,0,0,0,0
11,2008-02-21,424150,200000,109300,0,1,12
11,2008-02-22,129650,200000,53250,16200,1,16
11,2008-02-23,115350,250000,162150,0,1,18
11,2008-02-24,127200,250000,53170,0,1,11
11,2008-02-25,154200,200000,118950,37000,1,16
11,2008-02-26,82500,200000,109200,149900,1,14
11,2008-02-27,127410,200000,154500,0,3,12
11,2008-02-28,108000,200000,59200,10400,0,15
11,2008-02-29,0,200000,163300,0,1,12
2,2008-02-01,301900,260000,57800,0,0,3
2,2008-02-02,130900,350000,69800,0,0,3
2,2008-02-03,326500,350000,201400,0,0,5
2,2008-02-04,302000,260000,188000,0,0,5
2,2008-02-05,425700,0,0,0,0,0
2,2008-02-06,0,260000,55000,0,0,3
2,2008-02-07,469280,260000,146000,0,0,3
2,2008-02-08,107800,260000,51800,0,0,4
2,2008-02-09,325500,330000,27000,0,0,2
2,2008-02-10,154500,330000,101400,0,0,3
2,2008-02-11,377300,330000,75000,0,0,3
2,2008-02-12,279000,240000,132000,0,0,2
2,2008-02-13,212900,240000,301500,0,0,4
2,2008-02-14,267400,240000,381800,0,0,7
2,2008-02-15,304000,240000,207400,0,0,6
2,2008-02-16,456500,290000,202000,0,0,7
2,2008-02-17,198900,290000,543900,0,0,12
2,2008-02-18,350000,240000,301000,0,0,4
2,2008-02-19,211000,0,0,0,0,0
2,2008-02-20,0,270000,267000,0,0,8
2,2008-02-21,130000,270000,116500,0,0,3
2,2008-02-22,169000,270000,105000,0,1,3
2,2008-02-23,500000,350000,471000,76000,0,9
2,2008-02-24,231200,350000,245800,32000,0,7
2,2008-02-25,388200,260000,341900,0,0,7
2,2008-02-26,153000,260000,193000,0,0,4
2,2008-02-27,204500,240000,218900,0,0,5
2,2008-02-28,535000,240000,240000,0,0,6
2,2008-02-29,0,220000,210000,0,0,5
1,2008-02-01,407200,400000,347000,149000,0,4
1,2008-02-02,353400,550000,695700,25000,3,16
1,2008-02-03,564900,450000,388100,28000,0,8
1,2008-02-04,493400,350000,324800,0,0,6
1,2008-02-05,738300,350000,102900,150000,0,3
1,2008-02-06,319000,350000,329900,0,0,8
1,2008-02-07,500000,350000,337000,29000,1,11
1,2008-02-08,107000,350000,278800,44000,0,9
1,2008-02-09,231800,500000,706000,61000,0,11
1,2008-02-10,606900,400000,407000,83000,0,12
1,2008-02-11,331900,300000,306000,0,0,9
1,2008-02-12,142300,300000,264600,0,0,9
1,2008-02-13,192900,300000,36000,127000,0,3
1,2008-02-14,793900,300000,152000,83000,0,7
1,2008-02-15,400600,350000,440000,36000,2,13
1,2008-02-16,319800,400000,466600,110000,1,12
1,2008-02-17,852800,400000,181900,0,0,6
1,2008-02-18,457000,300000,441000,0,0,9
1,2008-02-19,183500,300000,181440,23000,0,4
1,2008-02-20,298900,300000,620300,751000,2,15
1,2008-02-21,535500,300000,191000,166000,1,6
1,2008-02-22,354400,600000,993100,282000,1,25
1,2008-02-23,734400,1000000,1456700,0,0,25
1,2008-02-24,1116000,800000,622000,32000,1,16
1,2008-02-25,944800,400000,434400,0,0,14
1,2008-02-26,605100,400000,197400,79000,0,9
1,2008-02-27,307700,400000,281900,59000,0,8
1,2008-02-28,517000,400000,304000,116000,0,7
1,2008-02-29,0,400000,606900,21000,1,12
4,2008-02-01,253600,220000,117000,0,0,5
4,2008-02-02,94200,450000,203000,0,0,7
4,2008-02-03,394800,400000,29000,0,0,1
4,2008-02-04,430500,220000,12800,0,0,1
4,2008-02-05,100500,220000,36500,0,0,2
4,2008-02-06,146800,220000,21000,0,0,2
4,2008-02-07,150800,220000,44000,0,0,2
4,2008-02-08,447800,220000,125000,0,1,4
4,2008-02-09,131200,400000,89900,0,1,4
4,2008-02-10,306600,350000,104500,0,0,3
4,2008-02-11,244900,210000,67800,0,0,3
4,2008-02-12,101600,210000,232000,0,0,4
4,2008-02-13,0,210000,141000,0,1,6
4,2008-02-14,0,210000,27000,0,0,1
4,2008-02-15,0,210000,113000,0,0,3
4,2008-02-16,0,400000,55000,0,0,4
4,2008-02-17,0,350000,161000,0,0,4
4,2008-02-18,0,180000,113000,0,1,3
4,2008-02-19,0,150000,45000,0,1,1
4,2008-02-20,0,150000,289400,0,0,7
4,2008-02-21,0,150000,164000,0,0,7
4,2008-02-22,0,150000,75400,0,1,4
4,2008-02-23,0,250000,167000,0,1,6
4,2008-02-24,0,250000,247000,0,3,5
4,2008-02-25,0,200000,251900,0,0,3
4,2008-02-26,0,200000,79000,0,0,2
4,2008-02-27,0,200000,67000,0,0,4
4,2008-02-28,0,200000,256000,0,0,3
4,2008-02-29,0,200000,111000,0,0,2
5,2008-02-01,92800,250000,89000,0,0,2
5,2008-02-02,200340,500000,93900,59900,0,1
5,2008-02-03,639300,500000,107000,19000,0,1
5,2008-02-04,255000,250000,124000,0,0,3
5,2008-02-05,100000,250000,10500,0,0,1
5,2008-02-06,82700,250000,22900,0,0,3
5,2008-02-07,124500,250000,394300,87000,0,5
5,2008-02-08,176000,250000,84100,0,0,3
5,2008-02-09,137000,600000,78500,583000,0,2
5,2008-02-10,196000,450000,455000,0,0,11
5,2008-02-11,231200,450000,171300,166000,0,5
5,2008-02-12,277000,250000,106000,0,0,1
5,2008-02-13,32200,250000,201900,951000,0,3
5,2008-02-14,181200,400000,1014200,34000,0,8
5,2008-02-15,84800,400000,551000,0,0,4
5,2008-02-16,392800,600000,472900,0,0,7
5,2008-02-17,431500,500000,45400,86000,0,3
5,2008-02-18,254000,250000,17000,0,0,3
5,2008-02-19,657000,250000,90900,135000,0,3
5,2008-02-20,72000,250000,389000,0,0,4
5,2008-02-21,177500,250000,56000,0,0,2
5,2008-02-22,381800,250000,298800,0,0,4
5,2008-02-23,117000,600000,81000,0,0,3
5,2008-02-24,369000,500000,94000,0,0,4
5,2008-02-25,630400,250000,239100,0,0,4
5,2008-02-26,306900,250000,18000,94000,0,1
5,2008-02-27,78400,250000,92800,0,0,3
5,2008-02-28,334100,250000,128000,469000,0,4
5,2008-02-29,0,250000,101000,0,0,3
7,2008-02-01,194400,260000,161300,0,1,8
7,2008-02-02,223500,350000,403500,50900,0,12
7,2008-02-03,308100,350000,351200,0,2,14
7,2008-02-04,244900,180000,168500,0,1,7
7,2008-02-05,121600,180000,203000,0,0,4
7,2008-02-06,83900,180000,50700,27000,1,4
7,2008-02-07,219100,180000,100400,0,1,3
7,2008-02-08,115300,180000,141700,0,0,5
7,2008-02-09,16200,350000,76800,0,0,6
7,2008-02-10,221300,350000,131500,0,2,6
7,2008-02-11,387000,350000,194000,0,1,5
7,2008-02-12,218800,180000,88600,0,1,4
7,2008-02-13,144400,180000,221200,191000,1,6
7,2008-02-14,268000,180000,53000,0,0,2
7,2008-02-15,94200,180000,184900,0,0,7
7,2008-02-16,150700,350000,101700,0,0,4
7,2008-02-17,185500,350000,152000,108000,0,5
7,2008-02-18,34000,180000,172900,98000,1,4
7,2008-02-19,90000,180000,25000,0,0,1
7,2008-02-20,67000,180000,133000,124000,0,3
7,2008-02-21,151900,180000,150000,0,1,6
7,2008-02-22,105000,250000,139000,0,1,4
7,2008-02-23,174000,350000,138000,0,0,4
7,2008-02-24,353800,350000,199000,0,0,4
7,2008-02-25,434900,200000,70000,0,0,2
7,2008-02-26,130900,200000,48000,0,0,1
7,2008-02-27,199700,200000,141000,9000,0,2
7,2008-02-28,143900,200000,169100,0,1,6
7,2008-02-29,0,200000,166000,128000,1,5
6,2008-02-01,122900,200000,9000,0,1,1
6,2008-02-02,244700,400000,108000,0,0,4
6,2008-02-03,241700,300000,176000,0,0,3
6,2008-02-04,207000,150000,118800,0,0,2
6,2008-02-05,142800,200000,261400,0,1,5
6,2008-02-06,51700,200000,79000,0,0,2
6,2008-02-07,32000,200000,34000,0,0,1
6,2008-02-08,108500,250000,249000,0,0,6
6,2008-02-09,193200,400000,180910,0,1,8
6,2008-02-10,261200,350000,186220,0,0,6
6,2008-02-11,106900,300000,98310,0,1,3
6,2008-02-12,10200,200000,270700,0,2,4
6,2008-02-13,103200,150000,28000,0,0,1
6,2008-02-14,58900,200000,28000,0,0,1
6,2008-02-15,132800,200000,19000,0,0,1
6,2008-02-16,369600,350000,85000,0,0,3
6,2008-02-17,215700,300000,310100,0,0,7
6,2008-02-18,111900,150000,95000,0,0,2
6,2008-02-19,468800,200000,41000,0,0,3
6,2008-02-20,47000,200000,64000,0,1,1
6,2008-02-21,0,200000,86000,0,0,2
6,2008-02-22,413900,250000,57000,0,0,3
6,2008-02-23,147000,350000,166000,0,0,5
6,2008-02-24,282900,300000,225000,0,1,5
6,2008-02-25,442900,200000,126000,0,0,4
6,2008-02-26,97000,200000,93000,0,0,4
6,2008-02-27,244300,200000,82000,0,1,1
6,2008-02-28,238200,200000,39000,0,0,3
6,2008-02-29,0,200000,38000,0,0,2
3,2008-02-01,0,180000,44000,0,0,2
3,2008-02-02,0,350000,31800,0,0,2
3,2008-02-03,0,350000,105000,0,1,5
3,2008-02-04,0,180000,134400,0,1,7
3,2008-02-05,0,180000,15000,0,0,1
3,2008-02-06,0,180000,108600,0,1,5
3,2008-02-07,0,180000,110800,0,1,3
3,2008-02-08,0,180000,182000,0,0,2
3,2008-02-09,0,350000,80900,0,0,3
3,2008-02-10,0,350000,257000,0,0,8
3,2008-02-11,0,300000,205000,0,1,4
3,2008-02-12,0,180000,67500,0,1,3
3,2008-02-13,0,180000,119000,0,2,5
3,2008-02-14,0,180000,76000,0,1,3
3,2008-02-15,0,180000,56000,0,1,3
3,2008-02-16,0,300000,213800,0,2,6
3,2008-02-17,0,300000,332800,0,3,7
3,2008-02-18,0,180000,428700,0,0,6
3,2008-02-19,0,180000,113800,0,0,5
3,2008-02-20,0,180000,260700,0,1,5
3,2008-02-21,0,180000,177900,0,4,7
3,2008-02-22,0,180000,163800,0,0,6
3,2008-02-23,0,300000,200700,0,0,7
3,2008-02-24,0,300000,89900,49000,0,2
3,2008-02-25,0,180000,252000,0,4,5
3,2008-02-26,0,180000,112000,0,1,2
3,2008-02-27,0,180000,168000,0,1,2
3,2008-02-28,0,180000,284400,0,0,6
3,2008-02-29,0,180000,256300,0,1,8
73,2008-02-01,0,250000,44000,0,0,2
73,2008-02-02,0,400000,109000,0,2,2
73,2008-02-03,0,400000,17000,0,0,1
73,2008-02-04,0,200000,43000,22000,2,3
73,2008-02-05,0,200000,11000,0,2,1
73,2008-02-06,0,0,0,0,0,0
73,2008-02-07,0,250000,125100,22000,1,3
73,2008-02-08,0,250000,1840,0,0,1
73,2008-02-09,0,400000,34000,0,2,3
73,2008-02-10,0,400000,65300,0,0,3
73,2008-02-11,0,200000,44500,0,1,2
73,2008-02-12,0,200000,61200,0,0,2
73,2008-02-13,0,0,0,0,0,0
73,2008-02-14,0,250000,43000,17000,1,2
73,2008-02-15,0,250000,46300,0,2,4
73,2008-02-16,0,400000,73200,18000,0,4
73,2008-02-17,0,400000,103200,0,5,6
73,2008-02-18,0,200000,81000,35700,1,3
73,2008-02-19,0,200000,11000,19000,1,1
73,2008-02-20,0,0,0,0,0,0
73,2008-02-21,0,200000,71000,0,2,2
73,2008-02-22,0,250000,30000,0,1,1
73,2008-02-23,0,400000,63000,0,6,2
73,2008-02-24,0,400000,150300,0,2,5
73,2008-02-25,0,200000,10940,0,1,2
73,2008-02-26,0,200000,103900,0,2,6
73,2008-02-27,0,0,0,0,0,0
73,2008-02-28,0,250000,67200,0,2,4
73,2008-02-29,0,250000,27300,21600,3,3
66,2008-02-01,1231950,450000,77500,0,1,3
66,2008-02-02,415450,600000,164820,0,1,7
66,2008-02-03,213650,550000,82900,0,0,2
66,2008-02-04,935500,400000,46000,0,1,2
66,2008-02-05,350900,450000,188500,32500,1,5
66,2008-02-06,493700,450000,244200,0,2,6
66,2008-02-07,388250,450000,27600,0,0,1
66,2008-02-08,629850,500000,318600,36000,1,4
66,2008-02-09,723450,650000,109350,0,1,3
66,2008-02-10,674840,550000,493300,129000,2,11
66,2008-02-11,1013200,500000,331350,0,6,10
66,2008-02-12,865830,400000,150500,0,0,3
66,2008-02-13,0,400000,286500,0,1,4
66,2008-02-14,0,400000,513500,155000,1,3
66,2008-02-15,0,550000,29500,49000,1,1
66,2008-02-16,0,700000,633050,27000,2,13
66,2008-02-17,0,650000,377500,0,2,6
66,2008-02-18,0,0,0,0,0,0
66,2008-02-19,0,0,0,0,0,0
66,2008-02-20,0,600000,134500,38000,0,3
66,2008-02-21,0,500000,136500,0,0,2
66,2008-02-22,0,450000,124000,110500,0,4
66,2008-02-23,0,550000,134600,5900,4,7
66,2008-02-24,0,500000,300400,0,2,9
66,2008-02-25,0,350000,475800,101500,2,12
66,2008-02-26,0,350000,295400,0,1,9
66,2008-02-27,0,350000,351900,30000,1,6
66,2008-02-28,0,350000,100600,0,3,6
66,2008-02-29,0,350000,650400,0,0,14
65,2008-02-01,320500,300000,230000,0,0,3
65,2008-02-02,357900,450000,412200,0,2,10
65,2008-02-03,519500,400000,158350,0,2,5
65,2008-02-04,231450,300000,567800,0,4,17
65,2008-02-05,59000,300000,335250,0,1,10
65,2008-02-06,85900,350000,126600,0,3,8
65,2008-02-07,555700,350000,736400,286000,3,15
65,2008-02-08,336600,700000,1646100,32500,3,31
65,2008-02-09,363600,900000,1197860,128000,2,25
65,2008-02-10,696750,700000,1170050,0,5,17
65,2008-02-11,754100,600000,842300,0,2,14
65,2008-02-12,265000,350000,376800,0,1,6
65,2008-02-13,114050,350000,735510,0,0,15
65,2008-02-14,91400,400000,546500,73000,2,9
65,2008-02-15,186600,500000,852050,479000,5,14
65,2008-02-16,276900,600000,792250,0,3,11
65,2008-02-17,636800,450000,1474300,0,3,21
65,2008-02-18,764800,0,0,0,0,0
65,2008-02-19,0,0,0,0,0,0
65,2008-02-20,171500,0,0,0,0,0
65,2008-02-21,373500,0,0,0,0,0
65,2008-02-22,380500,0,0,0,0,0
65,2008-02-23,280000,0,0,0,0,0
65,2008-02-24,620450,0,0,0,0,0
65,2008-02-25,946400,0,0,0,0,0
65,2008-02-26,41500,0,0,0,0,0
65,2008-02-27,327500,0,0,0,0,0
65,2008-02-28,357200,0,0,0,0,0
65,2008-02-29,0,0,0,0,0,0
59,2008-02-01,203900,400000,357200,5300,0,16
59,2008-02-02,850400,800000,831700,32000,0,31
59,2008-02-03,647300,700000,480000,22000,1,16
59,2008-02-04,435200,450000,549700,0,3,19
59,2008-02-05,514100,450000,568400,63500,1,8
59,2008-02-06,375500,450000,247800,51000,0,8
59,2008-02-07,258600,450000,285300,0,2,6
59,2008-02-08,253100,450000,407200,383000,1,10
59,2008-02-09,802000,800000,638800,0,1,20
59,2008-02-10,778300,1000000,300100,36100,1,10
59,2008-02-11,1067900,800000,679900,41000,0,18
59,2008-02-12,365600,500000,118300,0,1,6
59,2008-02-13,455500,500000,356300,0,1,10
59,2008-02-14,469600,500000,230600,0,0,11
59,2008-02-15,494000,500000,581800,279000,0,15
59,2008-02-16,1071300,1000000,596300,238000,0,21
59,2008-02-17,431000,700000,388100,88500,1,13
59,2008-02-18,344600,400000,245700,0,1,4
59,2008-02-19,429700,400000,313500,48000,0,10
59,2008-02-20,0,0,0,0,0,0
59,2008-02-21,444400,400000,493400,274100,0,13
59,2008-02-22,167100,300000,747800,544000,1,24
59,2008-02-23,789000,900000,795800,13200,3,21
59,2008-02-24,1003000,700000,943600,184000,5,25
59,2008-02-25,436800,400000,522200,226000,0,21
59,2008-02-26,329700,400000,654400,0,0,10
59,2008-02-27,833300,400000,334100,110000,3,12
59,2008-02-28,282700,400000,679920,162000,1,17
59,2008-02-29,0,350000,239600,229500,1,8
60,2008-02-01,204900,250000,261700,0,0,11
60,2008-02-02,170000,350000,268800,0,0,7
60,2008-02-03,168200,350000,407200,0,0,13
60,2008-02-04,328200,250000,222500,0,0,7
60,2008-02-05,400340,250000,247000,37000,0,9
60,2008-02-06,621800,250000,340800,0,2,10
60,2008-02-07,110900,250000,162800,0,0,8
60,2008-02-08,273100,250000,152300,0,0,5
60,2008-02-09,504100,500000,447600,0,1,12
60,2008-02-10,408900,500000,341900,0,0,14
60,2008-02-11,422800,500000,281100,0,3,13
60,2008-02-12,256200,250000,148200,0,0,7
60,2008-02-13,178500,250000,525300,92000,0,6
60,2008-02-14,333600,250000,108200,0,0,4
60,2008-02-15,213300,250000,-7400,0,1,6
60,2008-02-16,200240,450000,622100,43000,1,18
60,2008-02-17,546300,450000,322800,10400,1,12
60,2008-02-18,172300,200000,180900,28000,0,6
60,2008-02-19,167000,200000,372000,27000,0,10
60,2008-02-20,0,0,0,0,0,0
60,2008-02-21,269900,300000,519400,0,0,13
60,2008-02-22,200800,300000,381000,44000,2,10
60,2008-02-23,254800,450000,525400,0,0,5
60,2008-02-24,684800,450000,519500,0,1,12
60,2008-02-25,361500,300000,301160,97500,1,15
60,2008-02-26,212000,300000,280000,16700,1,15
60,2008-02-27,269100,300000,524900,80000,1,15
60,2008-02-28,142700,300000,177200,66000,0,9
60,2008-02-29,0,300000,195300,0,0,8
61,2008-02-01,775400,400000,381900,0,0,17
61,2008-02-02,528400,600000,711000,46000,0,19
61,2008-02-03,525100,500000,424500,0,0,8
61,2008-02-04,653600,400000,205300,0,0,10
61,2008-02-05,372500,450000,426800,0,0,13
61,2008-02-06,463000,450000,439500,0,0,13
61,2008-02-07,317900,450000,335100,0,0,14
61,2008-02-08,671700,450000,368400,0,0,17
61,2008-02-09,989900,700000,573200,27000,0,15
61,2008-02-10,602900,600000,399400,0,0,19
61,2008-02-11,268700,500000,456100,0,0,20
61,2008-02-12,556100,500000,291300,0,0,10
61,2008-02-13,256100,500000,307100,0,0,10
61,2008-02-14,356500,500000,200400,0,0,7
61,2008-02-15,655100,550000,540100,0,0,11
61,2008-02-16,658700,800000,510200,0,0,12
61,2008-02-17,501100,700000,359300,0,0,13
61,2008-02-18,452800,500000,474800,0,0,18
61,2008-02-19,305400,500000,388200,32000,0,11
61,2008-02-20,355100,500000,284800,0,0,10
61,2008-02-21,580100,500000,443200,85000,0,14
61,2008-02-22,451000,500000,405800,18000,0,15
61,2008-02-23,454700,600000,697700,0,0,24
61,2008-02-24,811100,500000,707400,0,1,21
61,2008-02-25,486700,400000,379100,9000,1,4
61,2008-02-26,229400,400000,175500,0,0,12
61,2008-02-27,516600,400000,501000,0,0,14
61,2008-02-28,271100,350000,327640,0,0,18
61,2008-02-29,0,300000,460500,0,1,12
10,2008-02-01,107400,0,0,0,0,0
10,2008-02-02,214180,0,0,0,0,0
10,2008-02-03,200080,0,0,0,0,0
10,2008-02-04,115500,0,0,0,0,0
10,2008-02-05,43100,0,0,0,0,0
10,2008-02-06,0,0,0,0,0,0
10,2008-02-07,0,0,0,0,0,0
10,2008-02-08,119280,250000,314860,47800,8,14
10,2008-02-09,193180,230000,152060,84500,2,8
10,2008-02-10,305460,200000,82300,29000,0,6
10,2008-02-11,242200,170000,89000,0,3,7
10,2008-02-12,371573,80000,91000,0,0,5
10,2008-02-13,45340,80000,81400,0,3,5
10,2008-02-14,47100,80000,104300,3500,3,6
10,2008-02-15,43300,90000,46500,0,2,3
10,2008-02-16,155000,140000,146940,0,2,8
10,2008-02-17,257600,120000,209040,0,5,8
10,2008-02-18,310400,80000,107300,0,2,5
10,2008-02-19,140860,80000,74200,0,3,5
10,2008-02-20,131920,80000,8000,0,0,1
10,2008-02-21,347853,80000,3000,0,1,1
10,2008-02-22,250500,90000,27700,0,1,3
10,2008-02-23,427233,130000,114000,0,1,2
10,2008-02-24,146940,120000,133900,0,2,8
10,2008-02-25,153300,70000,115300,0,4,5
10,2008-02-26,86200,80000,2320,6500,0,1
10,2008-02-27,112500,80000,42740,0,0,5
10,2008-02-28,182800,80000,2720,0,0,1
10,2008-02-29,0,90000,51500,0,0,3
62,2008-02-01,201800,350000,171600,0,0,8
62,2008-02-02,482200,450000,158000,0,1,7
62,2008-02-03,734500,450000,300200,0,1,6
62,2008-02-04,353800,350000,192800,0,0,5
62,2008-02-05,0,0,0,0,0,0
62,2008-02-06,0,0,0,0,0,0
62,2008-02-07,310700,350000,560000,0,0,13
62,2008-02-08,386000,400000,556700,0,1,17
62,2008-02-09,356400,550000,494900,0,3,18
62,2008-02-10,614700,600000,826200,0,1,22
62,2008-02-11,682900,500000,629800,0,3,13
62,2008-02-12,652900,400000,481500,0,1,11
62,2008-02-13,451800,400000,318200,0,2,11
62,2008-02-14,321200,400000,293600,0,0,10
62,2008-02-15,355300,450000,312900,0,0,10
62,2008-02-16,249500,550000,579000,0,3,10
62,2008-02-17,500100,550000,627100,0,2,10
62,2008-02-18,252500,450000,197900,0,0,8
62,2008-02-19,166000,450000,396900,0,3,13
62,2008-02-20,1055100,450000,501700,0,1,10
62,2008-02-21,496000,450000,450500,0,3,13
62,2008-02-22,302500,450000,485520,0,3,15
62,2008-02-23,750800,1000000,883200,0,3,22
62,2008-02-24,1339500,1200000,835600,0,3,17
62,2008-02-25,206500,500000,366400,0,0,6
62,2008-02-26,245500,450000,232760,0,0,7
62,2008-02-27,670300,450000,333500,0,0,11
62,2008-02-28,221500,450000,746100,0,2,11
62,2008-02-29,0,450000,550900,0,0,8
57,2008-02-01,0,250000,282800,34000,0,5
57,2008-02-02,0,350000,291100,0,1,9
57,2008-02-03,0,350000,341100,49000,0,7
57,2008-02-04,0,250000,379500,0,2,9
57,2008-02-05,0,250000,107000,0,2,2
57,2008-02-06,0,250000,297200,0,2,9
57,2008-02-07,0,250000,428500,23000,2,11
57,2008-02-08,0,250000,584000,0,0,4
57,2008-02-09,0,350000,252500,0,1,5
57,2008-02-10,0,350000,941300,44000,1,18
57,2008-02-11,0,350000,405000,0,3,10
57,2008-02-12,0,200000,632200,0,0,11
57,2008-02-13,0,250000,198900,0,0,5
57,2008-02-14,0,200000,133000,0,1,5
57,2008-02-15,0,250000,110240,66000,1,4
57,2008-02-16,0,350000,521500,0,0,10
57,2008-02-17,0,350000,533000,0,3,12
57,2008-02-18,0,250000,143000,0,0,4
57,2008-02-19,0,200000,80900,0,0,4
57,2008-02-20,0,250000,142000,0,1,6
57,2008-02-21,0,250000,169000,0,2,6
57,2008-02-22,0,250000,413000,0,0,11
57,2008-02-23,0,350000,653600,53000,0,22
57,2008-02-24,0,350000,310500,0,1,8
57,2008-02-25,0,250000,242500,0,3,5
57,2008-02-26,0,250000,218500,0,0,7
57,2008-02-27,0,250000,192167,0,2,9
57,2008-02-28,0,250000,310800,0,1,6
57,2008-02-29,0,250000,307000,0,0,5
63,2008-02-01,43000,200000,122000,0,0,3
63,2008-02-02,451500,400000,170000,0,0,2
63,2008-02-03,399700,400000,169600,0,1,2
63,2008-02-04,196000,250000,184600,0,0,3
63,2008-02-05,350000,250000,110000,0,0,1
63,2008-02-06,167000,250000,5800,0,0,1
63,2008-02-07,178000,250000,201000,0,0,2
63,2008-02-08,227000,250000,180000,0,0,2
63,2008-02-09,220000,400000,152900,0,0,2
63,2008-02-10,324400,400000,220000,0,0,3
63,2008-02-11,134000,250000,203000,0,0,3
63,2008-02-12,231500,250000,195000,0,2,2
63,2008-02-13,143000,250000,112000,0,0,1
63,2008-02-14,353700,250000,260000,0,2,3
63,2008-02-15,324000,250000,112500,0,1,1
63,2008-02-16,421000,400000,192000,0,0,2
63,2008-02-17,423000,400000,363000,0,0,3
63,2008-02-18,315000,250000,333000,0,2,4
63,2008-02-19,266500,250000,64000,0,1,1
63,2008-02-20,207000,250000,206000,0,0,2
63,2008-02-21,79000,250000,61000,0,0,2
63,2008-02-22,86000,250000,66000,0,0,1
63,2008-02-23,558000,400000,176000,0,0,2
63,2008-02-24,562000,400000,470000,0,3,5
63,2008-02-25,328600,200000,322000,0,0,4
63,2008-02-26,250500,200000,320000,0,0,4
63,2008-02-27,187500,150000,256500,0,2,3
63,2008-02-28,270000,150000,295500,0,3,4
63,2008-02-29,0,150000,161600,0,0,2
64,2008-02-01,116200,130000,210000,16000,5,8
64,2008-02-02,72400,300000,312600,116000,10,14
64,2008-02-03,153500,300000,214500,9000,7,10
64,2008-02-04,98200,130000,222500,0,9,9
64,2008-02-05,197000,130000,181500,46000,5,7
64,2008-02-06,117700,130000,174300,27000,3,8
64,2008-02-07,40850,130000,183000,12000,3,8
64,2008-02-08,58000,130000,141500,54000,3,6
64,2008-02-09,90800,300000,84500,22000,2,7
64,2008-02-10,224300,300000,363000,108000,0,7
64,2008-02-11,469600,250000,200300,92000,0,8
64,2008-02-12,170900,130000,90000,110000,1,4
64,2008-02-13,130000,130000,146500,32000,1,6
64,2008-02-14,159000,130000,154000,0,5,10
64,2008-02-15,144000,130000,143300,33000,3,5
64,2008-02-16,159000,300000,238600,36000,2,13
64,2008-02-17,138500,250000,252100,22000,8,12
64,2008-02-18,265800,130000,146000,81000,3,9
64,2008-02-19,119300,130000,243000,9000,4,7
64,2008-02-20,80000,130000,140000,34000,1,5
64,2008-02-21,89000,130000,221100,12000,5,9
64,2008-02-22,95500,130000,160000,35000,6,7
64,2008-02-23,180400,300000,339300,23000,8,10
64,2008-02-24,111100,250000,118400,29000,4,7
64,2008-02-25,385800,100000,53000,192000,2,4
64,2008-02-26,121300,100000,166000,65000,2,4
64,2008-02-27,133300,100000,57000,166000,1,6
64,2008-02-28,44000,100000,132800,98000,3,5
64,2008-02-29,0,100000,116000,99500,1,4
53,2008-02-01,429400,500000,432300,64000,2,11
53,2008-02-02,679000,700000,551200,0,2,16
53,2008-02-03,731900,700000,464600,262000,0,14
53,2008-02-04,141400,400000,351000,29000,3,12
53,2008-02-05,461500,450000,495000,69000,0,11
53,2008-02-06,159000,450000,167500,0,2,7
53,2008-02-07,452000,450000,241000,0,3,9
53,2008-02-08,806500,750000,839940,0,1,28
53,2008-02-09,518000,1000000,848700,33000,2,37
53,2008-02-10,1043700,1100000,1114000,34000,1,22
53,2008-02-11,627500,900000,376000,30000,1,13
53,2008-02-12,235000,500000,404200,110000,2,10
53,2008-02-13,221000,500000,410600,38000,1,18
53,2008-02-14,482400,500000,884000,251000,3,14
53,2008-02-15,729700,600000,405500,0,2,13
53,2008-02-16,902600,1000000,731200,15000,2,17
53,2008-02-17,487000,1000000,494600,92000,3,21
53,2008-02-18,331000,450000,510000,0,0,10
53,2008-02-19,292000,450000,272500,65000,1,9
53,2008-02-20,621800,450000,401000,70000,5,11
53,2008-02-21,490000,450000,300600,0,0,13
53,2008-02-22,600000,450000,331500,110000,0,16
53,2008-02-23,1440000,900000,490600,0,1,17
53,2008-02-24,900200,850000,204000,103000,2,10
53,2008-02-25,0,0,0,0,0,0
53,2008-02-26,523300,400000,472400,0,1,16
53,2008-02-27,480200,400000,209000,0,1,8
53,2008-02-28,322800,350000,292500,140000,1,11
53,2008-02-29,0,350000,908300,165000,0,17
54,2008-02-01,309400,250000,271200,0,1,7
54,2008-02-02,506000,550000,419600,102000,1,14
54,2008-02-03,890600,550000,198200,0,0,7
54,2008-02-04,109600,250000,169000,215000,0,10
54,2008-02-05,222300,250000,174500,41000,0,5
54,2008-02-06,156700,250000,192100,0,0,11
54,2008-02-07,335100,350000,107400,26000,0,4
54,2008-02-08,785400,500000,650300,87000,1,14
54,2008-02-09,400900,650000,598300,54000,0,18
54,2008-02-10,701000,700000,738000,69000,0,21
54,2008-02-11,816500,700000,753000,59000,3,17
54,2008-02-12,256000,300000,332800,38000,1,12
54,2008-02-13,167000,300000,461400,65000,0,18
54,2008-02-14,105500,300000,316300,0,1,9
54,2008-02-15,372000,350000,255000,0,0,8
54,2008-02-16,223600,650000,564000,59000,1,15
54,2008-02-17,432000,600000,425000,201000,1,16
54,2008-02-18,525000,250000,530000,52000,1,8
54,2008-02-19,257100,350000,130000,65000,0,7
54,2008-02-20,0,350000,164000,90000,0,6
54,2008-02-21,234900,350000,137600,43000,0,5
54,2008-02-22,473700,450000,601000,75000,2,13
54,2008-02-23,638000,650000,1528100,29000,3,26
54,2008-02-24,168300,600000,458000,40000,0,14
54,2008-02-25,199000,300000,433000,0,0,7
54,2008-02-26,223000,300000,438000,0,0,12
54,2008-02-27,166200,300000,105000,54000,1,10
54,2008-02-28,272800,300000,397000,62000,1,7
54,2008-02-29,0,300000,364000,65000,0,8
55,2008-02-01,275300,450000,100600,149000,0,11
55,2008-02-02,491000,850000,1000500,0,2,16
55,2008-02-03,488000,850000,853000,0,1,11
55,2008-02-04,211000,400000,195500,0,0,9
55,2008-02-05,394500,400000,570800,0,1,14
55,2008-02-06,811900,400000,181000,0,0,6
55,2008-02-07,542700,1300000,2277800,0,0,40
55,2008-02-08,394100,550000,596900,229000,0,8
55,2008-02-09,951300,850000,851000,0,2,19
55,2008-02-10,812700,800000,944000,0,0,16
55,2008-02-11,758400,700000,774500,121000,1,23
55,2008-02-12,473500,400000,255800,76000,0,10
55,2008-02-13,943000,450000,341800,0,1,13
55,2008-02-14,396600,450000,535000,0,0,14
55,2008-02-15,743040,450000,500700,107000,2,12
55,2008-02-16,1076600,850000,450700,0,1,18
55,2008-02-17,1223000,850000,1071500,19000,1,26
55,2008-02-18,0,0,0,0,0,0
55,2008-02-19,0,0,0,0,0,0
55,2008-02-20,198920,450000,552514,129000,0,23
55,2008-02-21,589600,450000,667100,0,0,12
55,2008-02-22,479100,450000,527900,75000,0,20
55,2008-02-23,859400,750000,387685,151000,0,24
55,2008-02-24,355000,750000,684400,0,1,19
55,2008-02-25,406900,400000,538000,0,2,12
55,2008-02-26,660200,400000,403000,68000,2,9
55,2008-02-27,527200,450000,535000,0,0,16
55,2008-02-28,1350100,450000,704800,0,4,13
55,2008-02-29,0,450000,170800,77000,0,11
56,2008-02-01,212800,150000,115800,0,1,5
56,2008-02-02,152100,300000,142700,18000,0,9
56,2008-02-03,118000,300000,552400,0,2,10
56,2008-02-04,211200,150000,95000,0,1,5
56,2008-02-05,215000,150000,79000,0,1,3
56,2008-02-06,119900,150000,132000,0,0,5
56,2008-02-07,107500,150000,67000,0,0,2
56,2008-02-08,252000,250000,84800,0,0,4
56,2008-02-09,466700,650000,427700,0,3,11
56,2008-02-10,400500,600000,444000,92000,0,10
56,2008-02-11,373000,600000,754000,43000,4,18
56,2008-02-12,105000,200000,212000,0,3,8
56,2008-02-13,104000,200000,146800,28000,2,4
56,2008-02-14,109500,200000,219000,0,2,5
56,2008-02-15,67000,200000,173000,16000,2,10
56,2008-02-16,205000,400000,228500,13000,0,10
56,2008-02-17,177000,350000,265000,37000,2,10
56,2008-02-18,124000,200000,191500,9000,2,5
56,2008-02-19,113000,200000,429000,0,0,7
56,2008-02-20,108000,200000,531000,0,2,9
56,2008-02-21,148000,200000,190300,0,1,7
56,2008-02-22,241600,200000,100000,0,2,5
56,2008-02-23,310000,400000,413000,0,0,9
56,2008-02-24,676000,350000,223000,0,0,7
56,2008-02-25,273000,150000,84800,0,0,4
56,2008-02-26,119000,150000,92505,0,0,3
56,2008-02-27,309000,150000,129000,0,0,7
56,2008-02-28,103000,150000,154500,0,2,4
56,2008-02-29,0,150000,212000,153000,2,8
67,2008-02-01,22800,100000,36000,0,0,1
67,2008-02-02,22800,150000,95000,0,0,1
67,2008-02-03,49600,100000,30100,0,0,1
67,2008-02-04,3000,80000,10000,0,1,1
67,2008-02-05,38200,0,0,0,0,0
67,2008-02-06,100000,80000,58800,0,0,1
67,2008-02-07,53000,80000,41000,0,0,1
67,2008-02-08,76000,100000,9500,0,0,1
67,2008-02-09,39000,150000,133000,0,1,3
67,2008-02-10,166600,800000,1042000,0,1,7
67,2008-02-11,104200,200000,29000,0,1,1
67,2008-02-12,667900,100000,11200,0,1,1
67,2008-02-13,1007100,120000,12500,0,0,1
67,2008-02-14,79800,140000,66700,0,1,5
67,2008-02-15,40600,600000,473000,0,2,5
67,2008-02-16,58000,150000,300300,0,0,8
67,2008-02-17,101000,100000,98600,0,0,6
67,2008-02-18,83000,80000,86000,0,1,2
67,2008-02-19,29000,0,0,0,0,0
67,2008-02-20,16000,100000,81000,0,0,3
67,2008-02-21,92000,100000,17200,0,0,1
67,2008-02-22,107600,100000,17400,0,0,1
67,2008-02-23,71700,150000,99000,0,1,4
67,2008-02-24,116600,100000,174000,0,2,4
67,2008-02-25,57000,80000,136400,0,0,3
67,2008-02-26,95000,0,0,0,0,0
67,2008-02-27,41600,80000,42000,0,0,1
67,2008-02-28,32000,80000,29000,0,0,1
67,2008-02-29,0,80000,28400,0,1,2
43,2008-02-01,118800,280000,295500,0,0,16
43,2008-02-02,310400,350000,558600,0,1,18
43,2008-02-03,424900,320000,443000,0,1,14
43,2008-02-04,170000,290000,341360,0,2,12
43,2008-02-05,92600,280000,403560,0,1,18
43,2008-02-06,350300,290000,185800,0,0,7
43,2008-02-07,140000,280000,210000,0,0,10
43,2008-02-08,190600,290000,390900,0,0,11
43,2008-02-09,259700,450000,358800,41000,0,8
43,2008-02-10,347200,400000,411800,0,0,11
43,2008-02-11,403000,330000,449360,0,2,17
43,2008-02-12,209400,280000,60800,215500,0,8
43,2008-02-13,169000,280000,445500,0,0,8
43,2008-02-14,274400,280000,65000,0,1,3
43,2008-02-15,140000,280000,296200,0,0,8
43,2008-02-16,230000,400000,538200,162000,0,19
43,2008-02-17,377300,400000,510500,0,1,17
43,2008-02-18,468500,280000,430500,102000,0,9
43,2008-02-19,236200,280000,387000,46000,4,17
43,2008-02-20,153200,290000,223200,0,0,9
43,2008-02-21,375200,290000,2257200,64000,0,15
43,2008-02-22,319200,290000,131000,31000,1,5
43,2008-02-23,478000,400000,364400,0,0,10
43,2008-02-24,290000,380000,185200,0,0,8
43,2008-02-25,203200,280000,410800,0,0,11
43,2008-02-26,187300,280000,107000,0,0,4
43,2008-02-27,304000,250000,187000,0,1,4
43,2008-02-28,246800,250000,269400,0,1,6
43,2008-02-29,0,250000,459000,190000,1,15
45,2008-02-01,292200,220000,224000,0,0,4
45,2008-02-02,368200,400000,351500,0,0,8
45,2008-02-03,244600,350000,105900,0,1,7
45,2008-02-04,214500,200000,170000,0,0,6
45,2008-02-05,271200,230000,172800,0,0,5
45,2008-02-06,260400,200000,141000,0,0,5
45,2008-02-07,169200,200000,124000,0,0,4
45,2008-02-08,266000,200000,129200,0,1,7
45,2008-02-09,358000,500000,543300,0,0,9
45,2008-02-10,461000,500000,795000,0,2,17
45,2008-02-11,356000,450000,534000,167000,0,12
45,2008-02-12,161000,250000,122500,0,0,5
45,2008-02-13,239000,230000,219800,41000,1,9
45,2008-02-14,302000,250000,320500,22000,1,9
45,2008-02-15,246000,250000,305000,0,0,5
45,2008-02-16,410600,450000,424000,0,0,7
45,2008-02-17,421700,500000,405000,0,1,9
45,2008-02-18,162400,0,0,0,0,0
45,2008-02-19,209200,230000,202000,0,0,4
45,2008-02-20,344000,230000,417500,0,2,7
45,2008-02-21,168000,230000,192800,0,2,6
45,2008-02-22,0,230000,154000,0,1,4
45,2008-02-23,450400,450000,460000,0,0,11
45,2008-02-24,614100,450000,376000,0,2,9
45,2008-02-25,137800,250000,447000,0,0,5
45,2008-02-26,358600,250000,246000,0,0,4
45,2008-02-27,466200,250000,292000,0,1,5
45,2008-02-28,183800,250000,377000,0,1,7
45,2008-02-29,0,300000,442000,0,1,5
52,2008-02-01,313000,170000,115700,0,0,5
52,2008-02-02,290500,320000,409500,0,3,18
52,2008-02-03,186900,310000,276100,0,2,12
52,2008-02-04,218800,0,0,0,0,0
52,2008-02-05,220700,200000,68560,0,0,7
52,2008-02-06,359100,200000,59560,0,0,7
52,2008-02-07,241500,150000,80200,0,0,3
52,2008-02-08,181000,150000,85860,0,0,5
52,2008-02-09,777300,200000,114300,0,0,3
52,2008-02-10,425600,200000,219400,0,1,5
52,2008-02-11,434500,100000,125100,0,0,5
52,2008-02-12,400900,0,0,0,0,0
52,2008-02-13,211000,0,0,0,0,0
52,2008-02-14,100900,0,0,0,0,0
52,2008-02-15,259500,1410000,1783300,0,0,28
52,2008-02-16,733200,1060000,1201800,0,4,24
52,2008-02-17,215000,700000,485400,0,1,13
52,2008-02-18,144680,0,0,0,0,0
52,2008-02-19,128600,310000,630580,0,3,14
52,2008-02-20,0,260000,329500,0,1,9
52,2008-02-21,539400,320000,401200,0,4,11
52,2008-02-22,647000,300000,117100,0,1,8
52,2008-02-23,559000,640000,595600,0,0,13
52,2008-02-24,170000,570000,271800,0,1,9
52,2008-02-25,209000,350000,411000,0,1,9
52,2008-02-26,305000,280000,77500,0,2,6
52,2008-02-27,96000,270000,213000,54000,0,10
52,2008-02-28,278000,290000,161200,0,0,6
52,2008-02-29,0,240000,446700,0,2,17
48,2008-02-01,459600,500000,476400,0,0,13
48,2008-02-02,404700,600000,612800,54000,2,15
48,2008-02-03,894700,700000,443700,166000,1,15
48,2008-02-04,251900,350000,292400,0,0,5
48,2008-02-05,377900,350000,289500,0,1,9
48,2008-02-06,433400,400000,400100,0,1,13
48,2008-02-07,349400,350000,182100,0,0,8
48,2008-02-08,205200,400000,210200,35600,1,10
48,2008-02-09,827000,1000000,1099000,32000,6,17
48,2008-02-10,500000,600000,779700,66000,2,19
48,2008-02-11,552000,400000,353800,30000,0,12
48,2008-02-12,216000,400000,385000,32000,1,8
48,2008-02-13,250600,450000,291600,165000,0,9
48,2008-02-14,300500,400000,200200,0,0,11
48,2008-02-15,444400,500000,831600,0,1,15
48,2008-02-16,684000,800000,1021100,30000,0,19
48,2008-02-17,700500,600000,859100,17000,1,15
48,2008-02-18,690000,400000,400500,78000,1,14
48,2008-02-19,379700,400000,156800,220000,0,6
48,2008-02-20,840300,450000,359000,122000,1,10
48,2008-02-21,378800,400000,229000,97000,0,7
48,2008-02-22,636200,500000,300200,0,3,12
48,2008-02-23,653600,700000,703000,724000,1,18
48,2008-02-24,826400,500000,344300,0,1,13
48,2008-02-25,415200,350000,354500,0,3,14
48,2008-02-26,507000,350000,626000,132000,1,14
48,2008-02-27,593200,400000,480800,115000,2,14
48,2008-02-28,453300,350000,362600,124000,0,9
48,2008-02-29,0,400000,477000,71000,0,10
49,2008-02-01,400000,650000,757600,0,2,24
49,2008-02-02,1100100,1100000,1177600,251000,3,47
49,2008-02-03,872300,1000000,509300,38000,3,22
49,2008-02-04,499000,650000,441600,0,2,17
49,2008-02-05,733900,650000,626700,0,1,29
49,2008-02-06,602700,650000,494200,72000,0,22
49,2008-02-07,1013000,650000,531300,84000,1,22
49,2008-02-08,691800,650000,904600,39400,0,27
49,2008-02-09,1322200,1100000,1027900,0,1,35
49,2008-02-10,919600,1300000,908300,294000,2,36
49,2008-02-11,942800,1000000,923800,56000,1,36
49,2008-02-12,641300,700000,641900,75800,0,26
49,2008-02-13,563600,700000,520400,94000,2,19
49,2008-02-14,723400,700000,603200,0,4,29
49,2008-02-15,946700,700000,436100,269000,0,18
49,2008-02-16,1497700,1150000,1150000,421000,0,37
49,2008-02-17,795000,1100000,816800,164000,0,38
49,2008-02-18,527900,650000,650100,202000,2,21
49,2008-02-19,588200,650000,537000,94000,0,22
49,2008-02-20,933400,650000,702200,0,0,19
49,2008-02-21,807600,650000,701000,96000,2,26
49,2008-02-22,658500,650000,496800,78000,1,20
49,2008-02-23,1197500,1200000,941900,21000,0,31
49,2008-02-24,901700,1100000,610400,0,0,25
49,2008-02-25,744000,600000,632200,123000,1,27
49,2008-02-26,400200,600000,607800,385000,2,22
49,2008-02-27,867800,600000,638300,0,2,26
49,2008-02-28,475900,600000,894200,397000,0,22
49,2008-02-29,0,600000,954600,220000,3,23
44,2008-02-01,374800,550000,691000,0,1,21
44,2008-02-02,1108700,800000,673100,112000,0,29
44,2008-02-03,617100,600000,630300,0,1,24
44,2008-02-04,502500,500000,643100,0,1,22
44,2008-02-05,383800,500000,310000,7000,0,12
44,2008-02-06,505400,550000,574800,35000,0,20
44,2008-02-07,565100,550000,477100,27000,1,22
44,2008-02-08,322900,550000,322200,36000,1,14
44,2008-02-09,1299200,1200000,752700,0,1,24
44,2008-02-10,901100,1000000,1001300,0,1,34
44,2008-02-11,603500,700000,609500,111000,3,24
44,2008-02-12,669800,550000,552000,0,2,16
44,2008-02-13,529900,550000,405600,47000,3,16
44,2008-02-14,711100,600000,447800,0,0,15
44,2008-02-15,1166000,600000,746400,136000,0,21
44,2008-02-16,719000,1200000,1039500,105000,0,28
44,2008-02-17,800000,800000,883800,0,0,27
44,2008-02-18,624400,600000,606500,40000,1,22
44,2008-02-19,805500,600000,872700,57000,1,35
44,2008-02-20,530900,700000,701700,0,3,24
44,2008-02-21,606200,700000,1074700,24000,2,31
44,2008-02-22,584600,700000,718400,92000,0,24
44,2008-02-23,1187100,1200000,1080700,0,1,33
44,2008-02-24,701900,700000,1131100,0,0,28
44,2008-02-25,1027800,550000,1099400,59000,3,30
44,2008-02-26,595700,550000,1035800,87000,2,26
44,2008-02-27,609600,650000,835000,163000,1,27
44,2008-02-28,637400,650000,703200,0,0,19
44,2008-02-29,0,600000,231600,0,1,15
50,2008-02-01,201000,250000,153800,30000,0,6
50,2008-02-02,342400,450000,221600,0,2,9
50,2008-02-03,256800,450000,302000,0,1,9
50,2008-02-04,126600,200000,254000,0,2,8
50,2008-02-05,123000,200000,184000,0,1,10
50,2008-02-06,259600,250000,100400,30000,2,8
50,2008-02-07,268800,250000,369700,0,2,12
50,2008-02-08,428200,250000,155200,0,2,11
50,2008-02-09,306200,600000,411400,16000,0,16
50,2008-02-10,587400,600000,456800,75000,2,16
50,2008-02-11,155000,300000,225000,0,0,7
50,2008-02-12,320500,300000,300100,50000,1,12
50,2008-02-13,305200,300000,374500,0,5,11
50,2008-02-14,303700,300000,228200,0,1,8
50,2008-02-15,284300,300000,201000,85000,0,7
50,2008-02-16,553600,550000,460000,0,2,15
50,2008-02-17,496200,500000,223500,94000,0,10
50,2008-02-18,331200,250000,267000,26000,3,8
50,2008-02-19,205900,250000,308200,0,2,10
50,2008-02-20,200300,250000,250500,96000,0,9
50,2008-02-21,281000,250000,341500,0,3,19
50,2008-02-22,283000,250000,251700,0,0,9
50,2008-02-23,460800,500000,435300,0,0,13
50,2008-02-24,644100,550000,461500,0,0,17
50,2008-02-25,400700,250000,108400,0,1,6
50,2008-02-26,172000,250000,188600,0,1,7
50,2008-02-27,346200,250000,624100,160000,1,12
50,2008-02-28,409900,200000,147300,0,2,9
50,2008-02-29,0,200000,326200,105000,0,11
51,2008-02-01,103200,150000,252500,0,0,5
51,2008-02-02,245000,300000,244000,0,0,4
51,2008-02-03,234200,300000,205300,0,0,6
51,2008-02-04,119400,150000,139200,0,0,4
51,2008-02-05,210300,150000,102200,0,0,2
51,2008-02-06,102000,200000,128000,0,0,4
51,2008-02-07,150200,200000,222900,0,0,8
51,2008-02-08,235600,200000,202100,0,1,4
51,2008-02-09,372800,400000,658400,0,2,15
51,2008-02-10,434000,400000,587700,0,3,13
51,2008-02-11,439000,400000,154300,0,1,6
51,2008-02-12,130300,250000,375300,0,1,9
51,2008-02-13,137000,250000,104300,0,0,4
51,2008-02-14,358600,300000,178800,0,0,3
51,2008-02-15,404000,350000,220000,32000,0,9
51,2008-02-16,312500,400000,209800,0,1,8
51,2008-02-17,568400,400000,408200,0,2,12
51,2008-02-18,100500,200000,271800,97000,1,4
51,2008-02-19,295500,200000,163300,0,2,4
51,2008-02-20,311000,250000,331500,0,1,5
51,2008-02-21,251200,250000,301300,0,2,9
51,2008-02-22,316200,350000,482800,76000,4,10
51,2008-02-23,309500,400000,442200,0,1,11
51,2008-02-24,402000,400000,451000,0,1,7
51,2008-02-25,126000,200000,104400,0,0,5
51,2008-02-26,157000,200000,178000,0,1,6
51,2008-02-27,302200,250000,375000,59000,1,6
51,2008-02-28,317500,250000,389300,221000,1,11
51,2008-02-29,0,250000,466500,0,0,9
38,2008-02-01,395200,300000,111800,80000,0,9
38,2008-02-02,105600,350000,426800,35000,0,12
38,2008-02-03,184200,300000,329100,0,0,12
38,2008-02-04,250600,300000,321800,10000,0,11
38,2008-02-05,430500,300000,209100,13000,0,10
38,2008-02-06,230900,300000,148900,103300,0,8
38,2008-02-07,354300,300000,195000,21000,0,12
38,2008-02-08,184500,350000,430600,0,0,14
38,2008-02-09,260100,400000,258300,94000,0,13
38,2008-02-10,528200,350000,334200,140000,1,12
38,2008-02-11,362800,300000,391500,0,1,8
38,2008-02-12,479100,300000,220500,0,0,7
38,2008-02-13,106000,300000,132600,20000,0,13
38,2008-02-14,192700,350000,103100,129000,0,4
38,2008-02-15,276000,350000,178000,0,0,7
38,2008-02-16,212300,400000,240000,132000,0,11
38,2008-02-17,150340,350000,118000,14000,0,8
38,2008-02-18,429000,300000,247300,25000,1,7
38,2008-02-19,192000,300000,263600,0,0,9
38,2008-02-20,151500,400000,130000,212000,0,8
38,2008-02-21,165400,450000,326600,122000,0,12
38,2008-02-22,858200,450000,204400,0,0,10
38,2008-02-23,660700,400000,292000,0,0,14
38,2008-02-24,742000,350000,246100,15000,0,13
38,2008-02-25,334500,350000,432100,0,0,15
38,2008-02-26,314000,300000,441300,34000,2,15
38,2008-02-27,154700,350000,257200,15000,0,7
38,2008-02-28,103700,350000,126000,29000,0,7
38,2008-02-29,0,400000,241300,33000,0,10
36,2008-02-01,597600,450000,547700,69000,2,11
36,2008-02-02,690000,550000,285200,659100,0,17
36,2008-02-03,512900,550000,110200,117000,0,7
36,2008-02-04,275300,400000,261600,0,0,5
36,2008-02-05,0,0,0,0,0,0
36,2008-02-06,337200,400000,395400,125600,0,10
36,2008-02-07,217300,400000,130600,50000,0,7
36,2008-02-08,183700,400000,219600,60000,0,5
36,2008-02-09,585200,550000,169500,41000,1,4
36,2008-02-10,464700,500000,501300,466600,0,20
36,2008-02-11,519400,450000,541000,19000,0,17
36,2008-02-12,434400,450000,204340,0,0,13
36,2008-02-13,158500,400000,270500,122000,0,8
36,2008-02-14,481000,400000,107000,570600,0,7
36,2008-02-15,547600,400000,236000,189000,0,11
36,2008-02-16,137000,500000,421200,143000,1,9
36,2008-02-17,324400,500000,368000,98000,0,12
36,2008-02-18,222600,400000,201600,0,1,10
36,2008-02-19,0,0,0,0,0,0
36,2008-02-20,380500,400000,265500,88000,1,12
36,2008-02-21,354300,400000,278800,0,0,10
36,2008-02-22,315400,400000,138200,202500,0,8
36,2008-02-23,379000,550000,143000,38000,0,6
36,2008-02-24,626200,550000,371000,0,0,11
36,2008-02-25,273400,400000,146000,136000,0,8
36,2008-02-26,120380,400000,185600,0,0,8
36,2008-02-27,340700,400000,635200,369000,0,12
36,2008-02-28,209100,400000,524000,877000,3,10
36,2008-02-29,0,400000,743980,83000,0,11
41,2008-02-01,218500,250000,297500,0,0,8
41,2008-02-02,414500,350000,338900,0,0,16
41,2008-02-03,341100,350000,298700,0,0,15
41,2008-02-04,266700,250000,129500,0,0,3
41,2008-02-05,361800,250000,418600,0,1,12
41,2008-02-06,366100,250000,142700,0,0,6
41,2008-02-07,180400,250000,157500,0,0,6
41,2008-02-08,179300,250000,148200,0,1,7
41,2008-02-09,406300,350000,257500,0,1,8
41,2008-02-10,339500,350000,306500,0,2,10
41,2008-02-11,352900,350000,423800,0,0,8
41,2008-02-12,434600,300000,222400,0,1,4
41,2008-02-13,139900,300000,227100,0,1,10
41,2008-02-14,174300,300000,164000,0,0,4
41,2008-02-15,464500,300000,172000,0,0,4
41,2008-02-16,322500,400000,724600,0,6,15
41,2008-02-17,270100,400000,403400,0,0,5
41,2008-02-18,69000,300000,124000,0,0,6
41,2008-02-19,69200,300000,279000,0,1,4
41,2008-02-20,116300,300000,124200,0,0,6
41,2008-02-21,1015000,400000,104000,0,0,5
41,2008-02-22,936100,500000,753200,0,0,19
41,2008-02-23,2041000,600000,589000,0,0,15
41,2008-02-24,1180200,550000,1184000,0,4,23
41,2008-02-25,578000,400000,406000,0,0,9
41,2008-02-26,512300,400000,666800,0,0,9
41,2008-02-27,525400,400000,604800,0,0,12
41,2008-02-28,106300,300000,502000,0,0,13
41,2008-02-29,0,300000,648000,0,1,25
39,2008-02-01,42400,120000,161000,0,1,3
39,2008-02-02,271300,250000,104200,0,1,3
39,2008-02-03,41600,250000,149380,0,1,3
39,2008-02-04,147000,150000,122500,0,0,5
39,2008-02-05,204000,150000,108300,85600,0,3
39,2008-02-06,65500,150000,175200,26000,0,6
39,2008-02-07,178400,150000,204000,0,0,6
39,2008-02-08,26600,150000,58400,0,1,3
39,2008-02-09,242700,300000,272000,50000,2,8
39,2008-02-10,398200,300000,391500,0,1,12
39,2008-02-11,259500,300000,323500,66000,2,9
39,2008-02-12,84000,170000,169000,0,0,5
39,2008-02-13,85200,170000,13600,0,0,1
39,2008-02-14,192300,170000,41800,23000,0,3
39,2008-02-15,71000,170000,305000,0,0,5
39,2008-02-16,377000,300000,94000,0,0,3
39,2008-02-17,130000,300000,276000,0,1,7
39,2008-02-18,162000,200000,80000,31000,0,2
39,2008-02-19,0,0,0,0,0,0
39,2008-02-20,107200,200000,84000,0,0,3
39,2008-02-21,359000,200000,53000,56000,0,1
39,2008-02-22,311400,200000,104000,22000,0,3
39,2008-02-23,329300,350000,223000,0,1,4
39,2008-02-24,292100,350000,228800,0,1,6
39,2008-02-25,82400,150000,113500,0,0,4
39,2008-02-26,135000,150000,57200,0,0,3
39,2008-02-27,68000,150000,54000,0,0,2
39,2008-02-28,59000,150000,228800,39000,1,5
39,2008-02-29,0,150000,215500,29000,0,3
70,2008-02-01,212700,190000,138724,9500,1,13
70,2008-02-02,102200,250000,242806,0,2,19
70,2008-02-03,122900,250000,123172,0,2,9
70,2008-02-04,231000,190000,20100,0,0,3
70,2008-02-05,117900,190000,132300,36000,1,12
70,2008-02-06,60300,190000,85029,0,0,1
70,2008-02-07,58600,190000,94000,3800,2,13
70,2008-02-08,53100,190000,93615,0,1,10
70,2008-02-09,60500,250000,186200,0,1,12
70,2008-02-10,91300,250000,143400,0,4,12
70,2008-02-11,254300,250000,160900,0,4,15
70,2008-02-12,59200,180000,113000,0,3,11
70,2008-02-13,39300,190000,171900,0,1,9
70,2008-02-14,93700,190000,42300,0,1,7
70,2008-02-15,192100,190000,131700,0,0,10
70,2008-02-16,115900,250000,148300,8000,1,9
70,2008-02-17,141900,250000,103743,0,1,13
70,2008-02-18,80500,180000,92600,8900,2,10
70,2008-02-19,87200,180000,80000,0,1,11
70,2008-02-20,110100,180000,61800,8900,3,9
70,2008-02-21,176400,180000,64900,0,1,7
70,2008-02-22,127500,190000,42900,0,0,9
70,2008-02-23,112600,250000,220715,0,6,13
70,2008-02-24,168100,250000,190600,0,1,14
70,2008-02-25,76400,190000,95500,0,0,10
70,2008-02-26,83300,190000,87200,0,0,11
70,2008-02-27,120600,190000,145669,6954,0,13
70,2008-02-28,169900,190000,163700,0,0,14
70,2008-02-29,0,190000,140810,0,1,10
40,2008-02-01,0,0,,45000,0,2
40,2008-02-02,0,0,,105000,1,3
40,2008-02-03,0,0,,190200,0,1
40,2008-02-04,0,0,,0,0,1
40,2008-02-05,0,0,,0,0,0
40,2008-02-06,0,0,,170000,0,1
40,2008-02-07,0,0,,0,1,2
40,2008-02-08,0,0,,89000,0,1
40,2008-02-09,0,0,,65000,0,1
40,2008-02-10,0,0,,28000,0,1
40,2008-02-11,0,0,,79700,0,2
40,2008-02-12,0,0,,0,0,0
40,2008-02-13,0,0,,0,0,1
40,2008-02-14,0,0,,0,1,1
40,2008-02-15,0,0,,97000,0,2
40,2008-02-16,0,0,,0,0,1
40,2008-02-17,0,0,,0,0,1
40,2008-02-18,0,0,,0,0,3
40,2008-02-19,0,0,,0,0,0
40,2008-02-20,0,0,,0,0,3
40,2008-02-21,0,0,,0,0,1
40,2008-02-22,87600,0,,0,0,1
40,2008-02-23,54000,0,,0,1,4
40,2008-02-24,50000,0,,0,0,2
40,2008-02-25,0,0,,0,0,1
40,2008-02-26,27500,0,,0,0,0
40,2008-02-27,71200,0,,0,0,0
40,2008-02-28,30000,0,,0,0,0
40,2008-02-29,0,0,,0,0,0
42,2008-02-01,63800,200000,199500,0,0,5
42,2008-02-02,32600,250000,75100,0,1,6
42,2008-02-03,200200,250000,0,0,0,0
42,2008-02-04,189800,150000,71100,0,1,2
42,2008-02-05,47800,150000,7000,0,0,1
42,2008-02-06,82600,150000,54100,0,0,3
42,2008-02-07,209000,150000,14000,0,0,1
42,2008-02-08,394500,200000,223500,0,0,6
42,2008-02-09,258200,200000,143200,0,0,3
42,2008-02-10,376600,200000,168100,0,0,8
42,2008-02-11,424000,200000,16800,0,0,2
42,2008-02-12,428400,150000,100300,0,0,5
42,2008-02-13,361600,150000,166900,0,1,8
42,2008-02-14,228000,150000,133400,0,0,4
42,2008-02-15,64000,150000,177000,0,1,6
42,2008-02-16,90000,150000,189300,0,0,12
42,2008-02-17,501600,150000,400000,0,0,13
42,2008-02-18,128000,0,0,0,0,0
42,2008-02-19,0,0,0,0,0,0
42,2008-02-20,81000,0,0,0,0,0
42,2008-02-21,200400,0,0,0,0,0
42,2008-02-22,392000,0,0,0,0,0
42,2008-02-23,176000,0,0,0,0,0
42,2008-02-24,240900,0,0,0,0,0
42,2008-02-25,202000,0,0,0,0,0
42,2008-02-26,91600,0,0,0,0,0
42,2008-02-27,109200,0,0,0,0,0
42,2008-02-28,228300,0,0,0,0,0
42,2008-02-29,0,0,0,0,0,0
74,2008-02-01,0,150000,131000,44000,1,3
74,2008-02-02,0,300000,0,23000,1,0
74,2008-02-03,0,300000,0,0,0,0
74,2008-02-04,0,150000,68000,0,1,1
74,2008-02-05,0,150000,78000,0,0,2
74,2008-02-06,0,200000,16000,0,0,1
74,2008-02-07,0,200000,83000,0,0,1
74,2008-02-08,0,200000,20800,0,0,1
74,2008-02-09,0,300000,19000,0,0,1
74,2008-02-10,0,300000,217000,0,2,5
74,2008-02-11,0,300000,209000,0,1,3
74,2008-02-12,0,200000,70000,0,1,2
74,2008-02-13,0,200000,64000,0,2,2
74,2008-02-14,0,200000,3760,0,0,1
74,2008-02-15,0,200000,29000,0,0,2
74,2008-02-16,0,300000,66000,0,3,3
74,2008-02-17,0,300000,22000,0,1,13
74,2008-02-18,0,200000,39200,0,0,1
74,2008-02-19,0,200000,111500,0,0,2
74,2008-02-20,0,200000,45000,0,0,1
74,2008-02-21,0,200000,0,33000,0,0
74,2008-02-22,0,200000,55000,0,1,1
74,2008-02-23,0,300000,0,0,0,0
74,2008-02-24,0,300000,33000,0,2,1
74,2008-02-25,0,200000,9600,27000,0,1
74,2008-02-26,0,200000,11000,0,0,1
74,2008-02-27,0,200000,48100,0,0,3
74,2008-02-28,0,200000,33000,0,1,1
74,2008-02-29,0,150000,11000,0,0,1
71,2008-02-01,0,250000,68831,0,1,15
71,2008-02-02,0,300000,83405,0,0,13
71,2008-02-03,0,300000,57420,0,0,13
71,2008-02-04,0,250000,81120,3800,1,12
71,2008-02-05,0,250000,87540,0,1,10
71,2008-02-06,0,250000,106644,0,0,12
71,2008-02-07,0,250000,71400,0,0,8
71,2008-02-08,0,250000,102100,0,3,9
71,2008-02-09,0,300000,110660,0,0,12
71,2008-02-10,0,300000,61850,0,1,14
71,2008-02-11,0,250000,115853,0,0,14
71,2008-02-12,0,200000,90200,7500,2,14
71,2008-02-13,0,200000,54653,0,1,9
71,2008-02-14,0,200000,57220,0,0,9
71,2008-02-15,0,200000,60150,0,0,10
71,2008-02-16,0,250000,75600,11500,3,13
71,2008-02-17,0,250000,74100,0,2,13
71,2008-02-18,0,200000,42780,17334,0,6
71,2008-02-19,0,200000,52500,0,0,14
71,2008-02-20,0,200000,100470,12000,1,10
71,2008-02-21,0,200000,67600,12000,0,8
71,2008-02-22,0,200000,70268,18000,0,14
71,2008-02-23,0,250000,137940,0,0,13
71,2008-02-24,0,250000,85100,0,0,11
71,2008-02-25,0,250000,29823,0,0,8
71,2008-02-26,0,250000,64200,0,1,10
71,2008-02-27,0,250000,62417,0,0,9
71,2008-02-28,0,250000,75840,0,1,10
71,2008-02-29,0,250000,170253,0,1,24
46,2008-02-01,0,250000,191000,0,0,6
46,2008-02-02,0,350000,261600,205000,0,13
46,2008-02-03,0,300000,258300,61000,0,8
46,2008-02-04,0,200000,104000,0,0,5
46,2008-02-05,0,200000,160000,0,2,6
46,2008-02-06,0,200000,234200,32000,1,3
46,2008-02-07,0,200000,365500,151400,0,11
46,2008-02-08,0,250000,209500,0,1,7
46,2008-02-09,0,350000,220800,88000,1,6
46,2008-02-10,0,400000,436200,0,0,10
46,2008-02-11,0,350000,446300,57000,0,15
46,2008-02-12,0,250000,140000,16000,0,5
46,2008-02-13,0,250000,143800,0,1,7
46,2008-02-14,0,250000,176000,64000,0,5
46,2008-02-15,0,250000,601000,0,0,10
46,2008-02-16,0,400000,229200,0,0,8
46,2008-02-17,0,400000,477000,0,0,11
46,2008-02-18,0,300000,196000,16000,0,6
46,2008-02-19,0,250000,281500,115000,0,6
46,2008-02-20,0,250000,566000,174000,2,7
46,2008-02-21,0,250000,135000,21000,1,5
46,2008-02-22,0,250000,206000,110000,1,8
46,2008-02-23,0,400000,518200,57000,0,11
46,2008-02-24,0,350000,335000,0,0,8
46,2008-02-25,0,200000,310500,0,0,8
46,2008-02-26,0,200000,153700,36000,0,6
46,2008-02-27,0,200000,239000,0,0,8
46,2008-02-28,0,150000,195000,35000,1,5
46,2008-02-29,0,150000,466000,207000,5,12
58,2008-02-01,0,400000,182000,0,0,5
58,2008-02-02,0,550000,626900,0,0,16
58,2008-02-03,0,500000,75400,0,0,7
58,2008-02-04,0,350000,107400,0,0,3
58,2008-02-05,0,350000,106000,0,0,7
58,2008-02-06,0,350000,131000,0,0,4
58,2008-02-07,0,350000,119000,0,1,7
58,2008-02-08,0,400000,53000,0,1,9
58,2008-02-09,0,550000,340000,0,0,6
58,2008-02-10,0,550000,597000,0,4,10
58,2008-02-11,0,500000,308600,0,3,6
58,2008-02-12,0,350000,520800,0,5,12
58,2008-02-13,0,350000,55100,0,0,5
58,2008-02-14,0,350000,232600,0,2,7
58,2008-02-15,0,400000,100000,0,0,4
58,2008-02-16,0,550000,272000,0,1,11
58,2008-02-17,0,500000,449000,0,5,7
58,2008-02-18,0,350000,256000,0,0,5
58,2008-02-19,0,350000,225000,0,0,7
58,2008-02-20,0,350000,238000,0,2,7
58,2008-02-21,0,350000,230200,0,0,6
58,2008-02-22,0,450000,215600,0,2,6
58,2008-02-23,0,550000,323000,0,2,10
58,2008-02-24,0,500000,223000,0,1,6
58,2008-02-25,0,350000,233000,0,0,4
58,2008-02-26,0,350000,129100,0,0,2
58,2008-02-27,0,350000,180000,0,0,4
58,2008-02-28,0,350000,62000,0,0,4
58,2008-02-29,0,350000,172200,0,0,0
75,2008-02-01,111000,280000,241800,0,0,9
75,2008-02-02,114800,280000,441200,34000,6,19
75,2008-02-03,106300,250000,183300,21000,3,11
75,2008-02-04,66700,210000,175400,0,0,9
75,2008-02-05,221400,240000,137900,8900,1,11
75,2008-02-06,133100,240000,93600,11500,0,11
75,2008-02-07,110900,240000,265600,11500,1,10
75,2008-02-08,126000,280000,295400,0,4,11
75,2008-02-09,93600,300000,169500,9500,2,13
75,2008-02-10,236900,280000,407600,50000,2,20
75,2008-02-11,0,230000,346000,0,2,13
75,2008-02-12,0,210000,293200,11500,3,17
75,2008-02-13,0,230000,260700,58000,1,20
75,2008-02-14,0,230000,222500,0,2,16
75,2008-02-15,0,260000,107600,15000,1,8
75,2008-02-16,0,280000,475700,0,4,16
75,2008-02-17,0,250000,253500,72000,2,15
75,2008-02-18,0,210000,101400,0,1,9
75,2008-02-19,0,250000,151000,0,1,8
75,2008-02-20,0,250000,222800,40900,2,10
75,2008-02-21,0,250000,130700,39000,1,8
75,2008-02-22,0,280000,188900,93000,1,8
75,2008-02-23,0,300000,365400,19800,1,21
75,2008-02-24,0,270000,438900,38400,3,24
75,2008-02-25,0,230000,246000,0,1,13
75,2008-02-26,0,270000,229400,0,2,7
75,2008-02-27,0,270000,308600,0,2,17
75,2008-02-28,0,280000,245800,0,1,12
75,2008-02-29,0,350000,238900,33000,0,13
76,2008-02-01,655900,800000,704300,39000,4,26
76,2008-02-02,427800,1050000,1352300,271000,6,40
76,2008-02-03,586000,1050000,613400,81000,4,18
76,2008-02-04,357800,650000,266500,33000,2,12
76,2008-02-05,647400,750000,405600,215000,4,10
76,2008-02-06,331840,750000,532900,0,9,23
76,2008-02-07,593600,750000,396540,87000,3,16
76,2008-02-08,300000,800000,420000,19000,3,12
76,2008-02-09,876100,1000000,703700,31500,4,23
76,2008-02-10,807600,1050000,657100,0,2,16
76,2008-02-11,656200,800000,505500,24000,4,20
76,2008-02-12,330600,550000,394200,12000,4,12
76,2008-02-13,414600,650000,588000,0,7,18
76,2008-02-14,472500,650000,400260,66000,1,14
76,2008-02-15,324040,650000,842300,41000,8,25
76,2008-02-16,595690,950000,504200,80000,2,20
76,2008-02-17,1051480,900000,832600,84000,7,21
76,2008-02-18,715400,700000,561600,13000,6,16
76,2008-02-19,346600,700000,392400,81000,5,14
76,2008-02-20,309360,700000,426500,58000,2,12
76,2008-02-21,473210,700000,400000,172000,7,15
76,2008-02-22,881560,700000,441700,0,5,15
76,2008-02-23,694000,950000,999200,50000,5,26
76,2008-02-24,437400,850000,586600,98000,8,15
76,2008-02-25,384840,500000,474000,36000,4,14
76,2008-02-26,362000,600000,663200,16800,7,16
76,2008-02-27,639600,600000,627000,44000,7,15
76,2008-02-28,369900,600000,572780,70000,4,16
76,2008-02-29,0,600000,527400,69000,2,11
72,2008-02-01,0,150000,30500,0,0,1
72,2008-02-02,0,150000,88200,0,1,2
72,2008-02-03,0,150000,12400,0,0,1
72,2008-02-04,0,120000,57500,0,0,1
72,2008-02-05,0,120000,62600,0,1,4
72,2008-02-06,0,120000,196200,0,2,7
72,2008-02-07,0,120000,68400,0,0,5
72,2008-02-08,0,120000,22300,0,1,3
72,2008-02-09,0,150000,194500,20000,1,7
72,2008-02-10,0,150000,14800,0,0,2
72,2008-02-11,0,150000,195500,0,1,6
72,2008-02-12,0,130000,36500,0,1,2
72,2008-02-13,0,130000,34000,0,0,2
72,2008-02-14,0,130000,71500,0,1,3
72,2008-02-15,0,150000,33500,0,0,2
72,2008-02-16,0,180000,63900,0,0,4
72,2008-02-17,0,180000,46500,0,1,2
72,2008-02-18,0,130000,22400,0,0,1
72,2008-02-19,0,130000,65000,0,0,4
72,2008-02-20,0,130000,68800,0,1,3
72,2008-02-21,0,130000,29600,0,2,2
72,2008-02-22,0,130000,27800,0,0,2
72,2008-02-23,0,150000,72600,0,1,3
72,2008-02-24,0,150000,32500,45000,0,3
72,2008-02-25,0,130000,27000,0,0,1
72,2008-02-26,0,130000,28500,0,0,2
72,2008-02-27,0,130000,45000,0,2,3
72,2008-02-28,0,130000,47800,38000,0,2
72,2008-02-29,0,130000,81800,0,2,3
78,2008-02-01,1687,1300,1784.3,0,0,5
78,2008-02-02,660,1700,4502.15,0,0,15
78,2008-02-03,2498,1500,983,0,0,6
78,2008-02-04,909,1100,432.95,0,0,3
78,2008-02-05,501,1200,881,0,0,5
78,2008-02-06,1075,1300,4942.54,0,0,21
78,2008-02-07,130,1400,1371,0,0,7
78,2008-02-08,985.25,1600,4605.2,0,0,17
78,2008-02-09,1757.5,1800,1420.5,0,0,7
78,2008-02-10,402.5,1600,2458.55,0,0,4
78,2008-02-11,2602.9,1100,175.5,0,0,2
78,2008-02-12,377,1100,4987.5,0,0,14
78,2008-02-13,20568.5,1200,1774.9,0,0,4
78,2008-02-14,545,1300,929.5,0,0,9
78,2008-02-15,831.5,1400,1500.6,0,0,6
78,2008-02-16,350,1800,2194.3,0,0,9
78,2008-02-17,2352.3,1600,273,0,0,2
78,2008-02-18,645,1100,2369.9,0,0,11
78,2008-02-19,1099,1200,135.8,0,0,2
78,2008-02-20,768,1300,682.3,0,0,7
78,2008-02-21,956,1500,1793,0,0,8
78,2008-02-22,582,1600,200,0,0,1
78,2008-02-23,2679.5,1700,1234,0,0,5
78,2008-02-24,3247,1300,2019.8,0,0,9
78,2008-02-25,38.5,1100,1448.7,0,0,6
78,2008-02-26,197.2,1200,1035.5,0,0,1
78,2008-02-27,1225,1300,325,0,0,2
78,2008-02-28,2601,1300,311.5,0,0,4
78,2008-02-29,0,1400,1285,0,0,6
79,2008-02-01,6323,8500,9260,0,54,29
79,2008-02-02,17084,10500,2403,0,80,8
79,2008-02-03,19320,11500,13667,0,156,22
79,2008-02-04,12671,4500,6050,0,83,5
79,2008-02-05,4889,4500,6529,0,0,4
79,2008-02-06,5093,3500,11809,0,102,16
79,2008-02-07,5737,5500,500,0,14,2
79,2008-02-08,7977,8500,1860,0,50,2
79,2008-02-09,7755,12500,10153,0,72,11
79,2008-02-10,12225,9500,9252,0,72,9
79,2008-02-11,16034,3500,9779,0,51,9
79,2008-02-12,9012,4000,4917,0,47,5
79,2008-02-13,7143,5500,6830,0,44,5
79,2008-02-14,4431,6500,3334,0,41,7
79,2008-02-15,12269,7500,3578,0,59,5
79,2008-02-16,15250,8500,6647,0,79,8
79,2008-02-17,15414,8500,8277,0,63,9
79,2008-02-18,0,3500,2139,0,42,5
79,2008-02-19,0,4500,5379,0,65,6
79,2008-02-20,9561,5500,8330,0,65,9
79,2008-02-21,4520,6500,4194,0,47,7
79,2008-02-22,27522,7500,3683,0,36,11
79,2008-02-23,18725,10500,12876,0,101,30
79,2008-02-24,14228,3500,10737,0,82,26
79,2008-02-25,17466,4500,5590,0,37,0
79,2008-02-26,4822,5000,4842,0,44,9
79,2008-02-27,5245,4000,3499,0,27,5
79,2008-02-28,13220,5500,839,0,29,3
79,2008-02-29,0,6500,5325,0,39,6
80,2008-02-01,728.26,1000,0,0,0,0
80,2008-02-02,54.35,1000,1102.86,0,0,6
80,2008-02-03,711.55,0,0,0,0,0
80,2008-02-04,0,1000,0,0,0,0
80,2008-02-05,209.03,1000,785.96,0,0,3
80,2008-02-06,0,1000,0,0,0,0
80,2008-02-07,108.7,1000,0,0,0,0
80,2008-02-08,0,1000,121.24,0,0,1
80,2008-02-09,0,1000,1673.09,0,0,4
80,2008-02-10,552.68,0,0,0,0,0
80,2008-02-11,0,1000,1219.08,0,0,4
80,2008-02-12,121.24,1000,681.44,0,0,3
80,2008-02-13,552.68,1000,1350.34,0,0,4
80,2008-02-14,0,1000,234,0,0,3
80,2008-02-15,100.34,1000,0,0,0,0
80,2008-02-16,993.32,1000,125.42,0,0,1
80,2008-02-17,547.66,0,0,0,0,0
80,2008-02-18,0,1000,631.28,0,0,3
80,2008-02-19,497.5,1000,133.78,0,0,1
80,2008-02-20,112.88,1000,0,0,0,0
80,2008-02-21,1078.59,1000,397.16,0,0,2
80,2008-02-22,630.43,1000,936.47,0,0,4
80,2008-02-23,2015.06,1000,108.7,0,0,1
80,2008-02-24,377.09,0,0,0,0,0
80,2008-02-25,0,1000,108.7,0,0,1
80,2008-02-26,334.44,1000,125.42,0,0,1
80,2008-02-27,1004.18,1000,108.7,0,0,1
80,2008-02-28,1120.4,1000,1099.5,0,0,3
80,2008-02-29,0,1000,323.59,0,0,2
77,2008-02-01,0,0,0,0,0,0
77,2008-02-02,0,0,0,0,0,0
77,2008-02-03,0,0,0,0,0,0
77,2008-02-04,0,0,0,0,0,0
77,2008-02-05,0,0,0,0,0,0
77,2008-02-06,0,0,0,0,0,0
77,2008-02-07,0,0,0,0,0,0
77,2008-02-08,0,0,0,0,0,0
77,2008-02-09,0,0,0,0,0,0
77,2008-02-10,0,0,0,0,0,0
77,2008-02-11,0,0,0,0,0,0
77,2008-02-12,0,0,0,0,0,0
77,2008-02-13,0,0,0,0,0,0
77,2008-02-14,0,0,0,0,0,0
77,2008-02-15,0,0,0,0,0,0
77,2008-02-16,0,0,0,0,0,0
77,2008-02-17,0,0,0,0,0,0
77,2008-02-18,0,0,0,0,0,0
77,2008-02-19,0,0,0,0,0,0
77,2008-02-20,0,0,0,0,0,0
77,2008-02-21,0,0,0,0,0,0
77,2008-02-22,0,0,0,0,0,0
77,2008-02-23,0,300000,660200,0,0,0
77,2008-02-24,0,300000,676500,0,0,34
77,2008-02-25,0,180000,183800,0,0,18
77,2008-02-26,0,180000,189200,0,4,20
77,2008-02-27,0,180000,320720,0,0,17
77,2008-02-28,0,180000,104700,39800,3,13
77,2008-02-29,0,180000,326700,0,2,18
