ID,日付,昨年実績,日割予算
12,2008-08-01,169900,200000
12,2008-08-02,226000,300000
12,2008-08-03,320300,300000
12,2008-08-04,179800,200000
12,2008-08-05,180800,200000
12,2008-08-06,182400,200000
12,2008-08-07,280200,200000
12,2008-08-08,212100,200000
12,2008-08-09,302700,300000
12,2008-08-10,237300,300000
12,2008-08-11,240000,200000
12,2008-08-12,226700,200000
12,2008-08-13,236500,200000
12,2008-08-14,189700,250000
12,2008-08-15,236800,250000
12,2008-08-16,191500,250000
12,2008-08-17,222100,250000
12,2008-08-18,135000,150000
12,2008-08-19,189400,150000
12,2008-08-20,168000,150000
12,2008-08-21,108300,150000
12,2008-08-22,148100,150000
12,2008-08-23,332700,250000
12,2008-08-24,303100,250000
12,2008-08-25,180600,150000
12,2008-08-26,163300,150000
12,2008-08-27,152700,150000
12,2008-08-28,107700,150000
12,2008-08-29,330700,150000
12,2008-08-30,200800,250000
12,2008-08-31,145800,250000
23,2008-08-01,153700,150000
23,2008-08-02,159200,230000
23,2008-08-03,150980,230000
23,2008-08-04,247000,130000
23,2008-08-05,281600,130000
23,2008-08-06,100540,130000
23,2008-08-07,52800,130000
23,2008-08-08,150624,130000
23,2008-08-09,150480,200000
23,2008-08-10,121400,200000
23,2008-08-11,220000,280000
23,2008-08-12,145800,280000
23,2008-08-13,81400,220000
23,2008-08-14,166500,220000
23,2008-08-15,160540,220000
23,2008-08-16,309700,300000
23,2008-08-17,198330,250000
23,2008-08-18,73800,140000
23,2008-08-19,387700,140000
23,2008-08-20,102840,130000
23,2008-08-21,340000,130000
23,2008-08-22,100740,130000
23,2008-08-23,100900,250000
23,2008-08-24,161340,250000
23,2008-08-25,320000,150000
23,2008-08-26,62100,150000
23,2008-08-27,285120,150000
23,2008-08-28,108000,150000
23,2008-08-29,184000,200000
23,2008-08-30,132000,300000
23,2008-08-31,64800,300000
14,2008-08-01,154600,150000
14,2008-08-02,178700,200000
14,2008-08-03,151100,200000
14,2008-08-04,175000,200000
14,2008-08-05,156800,200000
14,2008-08-06,167900,200000
14,2008-08-07,191600,200000
14,2008-08-08,270000,200000
14,2008-08-09,157100,200000
14,2008-08-10,250300,150000
14,2008-08-11,102800,150000
14,2008-08-12,202400,150000
14,2008-08-13,131600,150000
14,2008-08-14,209400,150000
14,2008-08-15,103900,150000
14,2008-08-16,118000,150000
14,2008-08-17,106700,150000
14,2008-08-18,196000,200000
14,2008-08-19,214100,200000
14,2008-08-20,216700,200000
14,2008-08-21,219000,200000
14,2008-08-22,291300,200000
14,2008-08-23,201600,200000
14,2008-08-24,242100,200000
14,2008-08-25,285400,250000
14,2008-08-26,252300,250000
14,2008-08-27,132000,250000
14,2008-08-28,308300,250000
14,2008-08-29,236300,250000
14,2008-08-30,224000,200000
14,2008-08-31,175000,200000
15,2008-08-01,237300,300000
15,2008-08-02,269200,450000
15,2008-08-03,317600,400000
15,2008-08-04,304500,300000
15,2008-08-05,397000,300000
15,2008-08-06,329600,300000
15,2008-08-07,373300,300000
15,2008-08-08,268900,300000
15,2008-08-09,425800,400000
15,2008-08-10,261600,350000
15,2008-08-11,312600,300000
15,2008-08-12,354000,300000
15,2008-08-13,311000,300000
15,2008-08-14,295100,300000
15,2008-08-15,256700,300000
15,2008-08-16,423100,400000
15,2008-08-17,393500,400000
15,2008-08-18,360500,300000
15,2008-08-19,218600,300000
15,2008-08-20,226900,300000
15,2008-08-21,302080,300000
15,2008-08-22,304400,300000
15,2008-08-23,506600,500000
15,2008-08-24,352100,450000
15,2008-08-25,241900,300000
15,2008-08-26,253400,300000
15,2008-08-27,189200,300000
15,2008-08-28,361300,300000
15,2008-08-29,380480,300000
15,2008-08-30,405100,450000
15,2008-08-31,420700,400000
17,2008-08-01,200600,300000
17,2008-08-02,253200,400000
17,2008-08-03,611300,450000
17,2008-08-04,307800,350000
17,2008-08-05,385000,300000
17,2008-08-06,300400,300000
17,2008-08-07,303500,300000
17,2008-08-08,418700,300000
17,2008-08-09,419300,450000
17,2008-08-10,360100,450000
17,2008-08-11,529000,350000
17,2008-08-12,355300,300000
17,2008-08-13,0,300000
17,2008-08-14,0,300000
17,2008-08-15,477800,300000
17,2008-08-16,375800,450000
17,2008-08-17,551500,450000
17,2008-08-18,436900,350000
17,2008-08-19,301100,0
17,2008-08-20,225800,350000
17,2008-08-21,333500,350000
17,2008-08-22,481600,350000
17,2008-08-23,355100,450000
17,2008-08-24,551200,450000
17,2008-08-25,350000,350000
17,2008-08-26,300000,350000
17,2008-08-27,316400,350000
17,2008-08-28,477800,350000
17,2008-08-29,301300,350000
17,2008-08-30,366000,450000
17,2008-08-31,402300,450000
18,2008-08-01,150000,150000
18,2008-08-02,334800,250000
18,2008-08-03,177300,300000
18,2008-08-04,174800,150000
18,2008-08-05,410500,150000
18,2008-08-06,125800,150000
18,2008-08-07,132500,150000
18,2008-08-08,164600,150000
18,2008-08-09,138000,300000
18,2008-08-10,355300,300000
18,2008-08-11,102100,150000
18,2008-08-12,133500,150000
18,2008-08-13,268300,200000
18,2008-08-14,370400,200000
18,2008-08-15,142300,200000
18,2008-08-16,212700,350000
18,2008-08-17,225000,300000
18,2008-08-18,153100,150000
18,2008-08-19,244400,150000
18,2008-08-20,61100,150000
18,2008-08-21,213600,150000
18,2008-08-22,264600,150000
18,2008-08-23,292400,350000
18,2008-08-24,424000,350000
18,2008-08-25,91000,150000
18,2008-08-26,120000,150000
18,2008-08-27,181400,150000
18,2008-08-28,122600,150000
18,2008-08-29,87600,150000
18,2008-08-30,235600,350000
18,2008-08-31,370400,350000
13,2008-08-01,359000,400000
13,2008-08-02,250200,500000
13,2008-08-03,176500,500000
13,2008-08-04,424000,300000
13,2008-08-05,252200,300000
13,2008-08-06,383000,300000
13,2008-08-07,203700,300000
13,2008-08-08,240400,300000
13,2008-08-09,525600,450000
13,2008-08-10,252700,450000
13,2008-08-11,268200,300000
13,2008-08-12,350000,300000
13,2008-08-13,329000,300000
13,2008-08-14,162300,300000
13,2008-08-15,214100,300000
13,2008-08-16,1099500,400000
13,2008-08-17,1432100,400000
13,2008-08-18,713400,200000
13,2008-08-19,320600,200000
13,2008-08-20,550800,200000
13,2008-08-21,526500,200000
13,2008-08-22,742900,1000000
13,2008-08-23,223300,1500000
13,2008-08-24,734900,800000
13,2008-08-25,440800,500000
13,2008-08-26,300800,500000
13,2008-08-27,550000,500000
13,2008-08-28,205300,500000
13,2008-08-29,453000,500000
13,2008-08-30,308400,650000
13,2008-08-31,301700,650000
27,2008-08-01,393600,150000
27,2008-08-02,227600,300000
27,2008-08-03,185500,300000
27,2008-08-04,118500,100000
27,2008-08-05,117800,150000
27,2008-08-06,49600,150000
27,2008-08-07,117900,150000
27,2008-08-08,64000,150000
27,2008-08-09,80800,250000
27,2008-08-10,36000,250000
27,2008-08-11,183500,100000
27,2008-08-12,315800,100000
27,2008-08-13,178500,100000
27,2008-08-14,64600,100000
27,2008-08-15,111600,100000
27,2008-08-16,88600,250000
27,2008-08-17,216800,250000
27,2008-08-18,138800,100000
27,2008-08-19,170400,100000
27,2008-08-20,55000,100000
27,2008-08-21,124900,100000
27,2008-08-22,55100,100000
27,2008-08-23,103100,400000
27,2008-08-24,58000,400000
27,2008-08-25,401100,250000
27,2008-08-26,552000,250000
27,2008-08-27,136700,250000
27,2008-08-28,212200,250000
27,2008-08-29,297000,250000
27,2008-08-30,112800,500000
27,2008-08-31,399900,500000
28,2008-08-01,63000,100000
28,2008-08-02,351000,350000
28,2008-08-03,301100,400000
28,2008-08-04,170300,100000
28,2008-08-05,61000,100000
28,2008-08-06,130300,100000
28,2008-08-07,48100,100000
28,2008-08-08,102500,150000
28,2008-08-09,250700,400000
28,2008-08-10,570200,450000
28,2008-08-11,121500,100000
28,2008-08-12,130200,100000
28,2008-08-13,91400,150000
28,2008-08-14,102200,150000
28,2008-08-15,145700,150000
28,2008-08-16,318600,400000
28,2008-08-17,297100,350000
28,2008-08-18,100700,100000
28,2008-08-19,90800,100000
28,2008-08-20,83900,130000
28,2008-08-21,110900,100000
28,2008-08-22,163900,150000
28,2008-08-23,213600,300000
28,2008-08-24,401900,350000
28,2008-08-25,121300,100000
28,2008-08-26,101000,100000
28,2008-08-27,135500,120000
28,2008-08-28,160300,100000
28,2008-08-29,140200,150000
28,2008-08-30,208100,250000
28,2008-08-31,347000,300000
16,2008-08-01,70300,200000
16,2008-08-02,189700,300000
16,2008-08-03,243800,300000
16,2008-08-04,346000,150000
16,2008-08-05,172400,150000
16,2008-08-06,108000,150000
16,2008-08-07,146300,150000
16,2008-08-08,147400,200000
16,2008-08-09,127200,250000
16,2008-08-10,104500,250000
16,2008-08-11,175200,150000
16,2008-08-12,154600,150000
16,2008-08-13,263100,150000
16,2008-08-14,163900,150000
16,2008-08-15,114500,200000
16,2008-08-16,181800,300000
16,2008-08-17,227400,300000
16,2008-08-18,162100,150000
16,2008-08-19,135700,150000
16,2008-08-20,162600,150000
16,2008-08-21,68600,150000
16,2008-08-22,118600,200000
16,2008-08-23,131700,300000
16,2008-08-24,139500,250000
16,2008-08-25,216500,150000
16,2008-08-26,119300,150000
16,2008-08-27,145400,150000
16,2008-08-28,223800,150000
16,2008-08-29,148200,150000
16,2008-08-30,79300,200000
16,2008-08-31,104000,200000
32,2008-08-01,43500,80000
32,2008-08-02,147500,150000
32,2008-08-03,156300,150000
32,2008-08-04,51300,80000
32,2008-08-05,0,0
32,2008-08-06,150800,100000
32,2008-08-07,66200,80000
32,2008-08-08,51900,80000
32,2008-08-09,167600,100000
32,2008-08-10,125900,100000
32,2008-08-11,105600,80000
32,2008-08-12,51800,80000
32,2008-08-13,79100,80000
32,2008-08-14,15000,100000
32,2008-08-15,36400,100000
32,2008-08-16,220800,150000
32,2008-08-17,68600,150000
32,2008-08-18,58800,80000
32,2008-08-19,0,0
32,2008-08-20,108100,100000
32,2008-08-21,59000,80000
32,2008-08-22,65300,80000
32,2008-08-23,109400,150000
32,2008-08-24,125200,150000
32,2008-08-25,49600,80000
32,2008-08-26,13600,80000
32,2008-08-27,110900,80000
32,2008-08-28,95200,80000
32,2008-08-29,88100,80000
32,2008-08-30,181200,150000
32,2008-08-31,116900,150000
33,2008-08-01,75700,150000
33,2008-08-02,74300,250000
33,2008-08-03,191600,200000
33,2008-08-04,87800,150000
33,2008-08-05,161700,150000
33,2008-08-06,125300,150000
33,2008-08-07,63700,150000
33,2008-08-08,135600,150000
33,2008-08-09,131100,250000
33,2008-08-10,339000,250000
33,2008-08-11,270500,100000
33,2008-08-12,170900,100000
33,2008-08-13,138100,100000
33,2008-08-14,200700,100000
33,2008-08-15,110400,100000
33,2008-08-16,162500,250000
33,2008-08-17,150500,200000
33,2008-08-18,0,0
33,2008-08-19,86900,100000
33,2008-08-20,145900,100000
33,2008-08-21,37200,100000
33,2008-08-22,91100,100000
33,2008-08-23,200000,200000
33,2008-08-24,302700,200000
33,2008-08-25,49400,100000
33,2008-08-26,88500,100000
33,2008-08-27,108100,100000
33,2008-08-28,58100,100000
33,2008-08-29,145900,100000
33,2008-08-30,90800,200000
33,2008-08-31,218900,200000
30,2008-08-01,198700,200000
30,2008-08-02,158800,300000
30,2008-08-03,167500,280000
30,2008-08-04,36000,180000
30,2008-08-05,103500,210000
30,2008-08-06,219500,210000
30,2008-08-07,270500,220000
30,2008-08-08,264700,190000
30,2008-08-09,332100,300000
30,2008-08-10,174300,280000
30,2008-08-11,131400,180000
30,2008-08-12,370900,200000
30,2008-08-13,203200,200000
30,2008-08-14,211100,200000
30,2008-08-15,197000,180000
30,2008-08-16,331200,320000
30,2008-08-17,305800,300000
30,2008-08-18,245000,150000
30,2008-08-19,327400,190000
30,2008-08-20,129600,190000
30,2008-08-21,134200,190000
30,2008-08-22,134200,170000
30,2008-08-23,249000,250000
30,2008-08-24,205600,230000
30,2008-08-25,94200,120000
30,2008-08-26,149200,160000
30,2008-08-27,85600,160000
30,2008-08-28,319100,160000
30,2008-08-29,264500,150000
30,2008-08-30,154100,230000
30,2008-08-31,255000,200000
31,2008-08-01,47540,100000
31,2008-08-02,203600,250000
31,2008-08-03,322100,250000
31,2008-08-04,368700,100000
31,2008-08-05,72900,100000
31,2008-08-06,154500,100000
31,2008-08-07,101400,100000
31,2008-08-08,301900,100000
31,2008-08-09,267200,250000
31,2008-08-10,352000,250000
31,2008-08-11,96400,100000
31,2008-08-12,117600,100000
31,2008-08-13,241000,100000
31,2008-08-14,183200,100000
31,2008-08-15,209000,100000
31,2008-08-16,336300,250000
31,2008-08-17,225000,250000
31,2008-08-18,51800,100000
31,2008-08-19,183600,100000
31,2008-08-20,155200,100000
31,2008-08-21,93400,100000
31,2008-08-22,54600,100000
31,2008-08-23,259500,250000
31,2008-08-24,225100,250000
31,2008-08-25,44600,100000
31,2008-08-26,136800,150000
31,2008-08-27,83800,150000
31,2008-08-28,169400,150000
31,2008-08-29,69200,150000
31,2008-08-30,150300,350000
31,2008-08-31,177600,350000
69,2008-08-01,119000,100000
69,2008-08-02,56300,130000
69,2008-08-03,48300,130000
69,2008-08-04,67200,100000
69,2008-08-05,0,0
69,2008-08-06,96000,100000
69,2008-08-07,136000,100000
69,2008-08-08,59900,100000
69,2008-08-09,26600,130000
69,2008-08-10,73600,130000
69,2008-08-11,139000,100000
69,2008-08-12,0,0
69,2008-08-13,85600,100000
69,2008-08-14,78800,100000
69,2008-08-15,204400,100000
69,2008-08-16,94400,130000
69,2008-08-17,114300,130000
69,2008-08-18,104700,100000
69,2008-08-19,0,0
69,2008-08-20,177300,100000
69,2008-08-21,96400,100000
69,2008-08-22,24500,100000
69,2008-08-23,129300,130000
69,2008-08-24,112000,130000
69,2008-08-25,104000,100000
69,2008-08-26,0,0
69,2008-08-27,105300,100000
69,2008-08-28,142600,100000
69,2008-08-29,96700,100000
69,2008-08-30,74400,130000
69,2008-08-31,64700,130000
29,2008-08-01,256600,110000
29,2008-08-02,223100,200000
29,2008-08-03,195400,220000
29,2008-08-04,173700,110000
29,2008-08-05,62800,130000
29,2008-08-06,77700,130000
29,2008-08-07,55000,130000
29,2008-08-08,159900,110000
29,2008-08-09,151700,200000
29,2008-08-10,236200,220000
29,2008-08-11,76000,110000
29,2008-08-12,252500,130000
29,2008-08-13,73400,130000
29,2008-08-14,205900,130000
29,2008-08-15,137200,110000
29,2008-08-16,68400,160000
29,2008-08-17,136300,160000
29,2008-08-18,71300,110000
29,2008-08-19,36600,130000
29,2008-08-20,25800,130000
29,2008-08-21,79000,130000
29,2008-08-22,59300,110000
29,2008-08-23,133800,180000
29,2008-08-24,283300,220000
29,2008-08-25,59600,0
29,2008-08-26,64500,0
29,2008-08-27,55800,0
29,2008-08-28,54400,0
29,2008-08-29,80000,300000
29,2008-08-30,70500,350000
29,2008-08-31,92200,350000
35,2008-08-01,85000,100000
35,2008-08-02,92200,150000
35,2008-08-03,40000,150000
35,2008-08-04,159400,100000
35,2008-08-05,127100,100000
35,2008-08-06,94000,100000
35,2008-08-07,125900,100000
35,2008-08-08,150600,100000
35,2008-08-09,182200,150000
35,2008-08-10,141500,150000
35,2008-08-11,113100,100000
35,2008-08-12,133700,100000
35,2008-08-13,187000,100000
35,2008-08-14,163000,100000
35,2008-08-15,101600,100000
35,2008-08-16,185500,150000
35,2008-08-17,160900,150000
35,2008-08-18,77800,100000
35,2008-08-19,47300,100000
35,2008-08-20,252800,100000
35,2008-08-21,165800,100000
35,2008-08-22,121300,100000
35,2008-08-23,140900,150000
35,2008-08-24,154900,100000
35,2008-08-25,64000,100000
35,2008-08-26,146300,100000
35,2008-08-27,247900,100000
35,2008-08-28,79400,100000
35,2008-08-29,56800,100000
35,2008-08-30,100400,150000
35,2008-08-31,53400,100000
19,2008-08-01,177220,200000
19,2008-08-02,172240,250000
19,2008-08-03,202160,250000
19,2008-08-04,253060,200000
19,2008-08-05,160740,200000
19,2008-08-06,200980,200000
19,2008-08-07,339200,200000
19,2008-08-08,160460,200000
19,2008-08-09,350600,300000
19,2008-08-10,213060,300000
19,2008-08-11,166900,200000
19,2008-08-12,172660,200000
19,2008-08-13,410120,250000
19,2008-08-14,287780,250000
19,2008-08-15,200300,250000
19,2008-08-16,336920,350000
19,2008-08-17,250400,350000
19,2008-08-18,317940,230000
19,2008-08-19,150400,230000
19,2008-08-20,118800,230000
19,2008-08-21,159800,210000
19,2008-08-22,920240,800000
19,2008-08-23,1247940,800000
19,2008-08-24,800300,700000
19,2008-08-25,177060,270000
19,2008-08-26,226500,270000
19,2008-08-27,169260,270000
19,2008-08-28,258300,270000
19,2008-08-29,140340,270000
19,2008-08-30,143100,400000
19,2008-08-31,118300,400000
20,2008-08-01,100600,200000
20,2008-08-02,262500,350000
20,2008-08-03,234290,350000
20,2008-08-04,105600,200000
20,2008-08-05,185500,200000
20,2008-08-06,252560,200000
20,2008-08-07,255500,200000
20,2008-08-08,217020,200000
20,2008-08-09,214700,350000
20,2008-08-10,355400,350000
20,2008-08-11,254720,250000
20,2008-08-12,240300,250000
20,2008-08-13,197900,250000
20,2008-08-14,203800,250000
20,2008-08-15,240320,250000
20,2008-08-16,243300,350000
20,2008-08-17,448600,350000
20,2008-08-18,257600,250000
20,2008-08-19,0,0
20,2008-08-20,429600,200000
20,2008-08-21,460760,200000
20,2008-08-22,631600,400000
20,2008-08-23,622800,550000
20,2008-08-24,300200,500000
20,2008-08-25,292500,300000
20,2008-08-26,314200,300000
20,2008-08-27,277260,300000
20,2008-08-28,200900,300000
20,2008-08-29,138880,300000
20,2008-08-30,494400,450000
20,2008-08-31,302400,400000
21,2008-08-01,152760,200000
21,2008-08-02,387080,280000
21,2008-08-03,217160,260000
21,2008-08-04,150200,200000
21,2008-08-05,141060,200000
21,2008-08-06,86300,200000
21,2008-08-07,120400,200000
21,2008-08-08,117920,200000
21,2008-08-09,217520,280000
21,2008-08-10,165300,260000
21,2008-08-11,200620,200000
21,2008-08-12,161900,200000
21,2008-08-13,227900,200000
21,2008-08-14,127520,200000
21,2008-08-15,186160,200000
21,2008-08-16,143400,330000
21,2008-08-17,288020,300000
21,2008-08-18,51540,200000
21,2008-08-19,181720,200000
21,2008-08-20,150200,200000
21,2008-08-21,248960,200000
21,2008-08-22,1379500,200000
21,2008-08-23,820500,650000
21,2008-08-24,536580,550000
21,2008-08-25,50660,200000
21,2008-08-26,214500,210000
21,2008-08-27,152200,210000
21,2008-08-28,224200,210000
21,2008-08-29,180600,210000
21,2008-08-30,378100,350000
21,2008-08-31,259100,300000
22,2008-08-01,224300,350000
22,2008-08-02,414400,500000
22,2008-08-03,314200,450000
22,2008-08-04,471500,350000
22,2008-08-05,379700,350000
22,2008-08-06,304300,350000
22,2008-08-07,275760,350000
22,2008-08-08,495500,400000
22,2008-08-09,451160,550000
22,2008-08-10,452000,500000
22,2008-08-11,332100,350000
22,2008-08-12,451160,350000
22,2008-08-13,300860,350000
22,2008-08-14,341000,350000
22,2008-08-15,300100,400000
22,2008-08-16,291200,550000
22,2008-08-17,252500,500000
22,2008-08-18,265100,350000
22,2008-08-19,281800,350000
22,2008-08-20,254480,350000
22,2008-08-21,288800,350000
22,2008-08-22,264800,350000
22,2008-08-23,1276000,450000
22,2008-08-24,613040,500000
22,2008-08-25,1056800,400000
22,2008-08-26,742500,400000
22,2008-08-27,498600,450000
22,2008-08-28,316040,450000
22,2008-08-29,320100,550000
22,2008-08-30,320880,800000
22,2008-08-31,739140,750000
24,2008-08-01,175400,150000
24,2008-08-02,148000,250000
24,2008-08-03,191000,250000
24,2008-08-04,326700,150000
24,2008-08-05,179200,150000
24,2008-08-06,136700,150000
24,2008-08-07,74600,150000
24,2008-08-08,150960,400000
24,2008-08-09,330600,350000
24,2008-08-10,292360,300000
24,2008-08-11,212720,200000
24,2008-08-12,53800,200000
24,2008-08-13,176100,200000
24,2008-08-14,123600,200000
24,2008-08-15,206320,150000
24,2008-08-16,216000,0
24,2008-08-17,128700,0
24,2008-08-18,156900,0
24,2008-08-19,253100,0
24,2008-08-20,197100,0
24,2008-08-21,483400,0
24,2008-08-22,618700,0
24,2008-08-23,366300,0
24,2008-08-24,232800,0
24,2008-08-25,226600,0
24,2008-08-26,427500,0
24,2008-08-27,75400,0
24,2008-08-28,256600,0
24,2008-08-29,123800,0
24,2008-08-30,150700,0
24,2008-08-31,105200,0
26,2008-08-01,292840,150000
26,2008-08-02,269300,250000
26,2008-08-03,251160,200000
26,2008-08-04,207560,150000
26,2008-08-05,460400,150000
26,2008-08-06,246000,150000
26,2008-08-07,176000,150000
26,2008-08-08,187000,150000
26,2008-08-09,231440,250000
26,2008-08-10,335900,200000
26,2008-08-11,145400,150000
26,2008-08-12,210740,150000
26,2008-08-13,148400,150000
26,2008-08-14,141300,150000
26,2008-08-15,324650,150000
26,2008-08-16,172160,250000
26,2008-08-17,243800,200000
26,2008-08-18,81600,150000
26,2008-08-19,352700,150000
26,2008-08-20,172000,150000
26,2008-08-21,220800,150000
26,2008-08-22,243000,150000
26,2008-08-23,388200,400000
26,2008-08-24,178500,300000
26,2008-08-25,705540,200000
26,2008-08-26,362800,200000
26,2008-08-27,180740,200000
26,2008-08-28,380700,200000
26,2008-08-29,246600,200000
26,2008-08-30,258000,300000
26,2008-08-31,212800,250000
25,2008-08-01,279700,220000
25,2008-08-02,112600,220000
25,2008-08-03,28800,220000
25,2008-08-04,689700,200000
25,2008-08-05,271400,200000
25,2008-08-06,65000,200000
25,2008-08-07,86900,200000
25,2008-08-08,422000,200000
25,2008-08-09,34300,200000
25,2008-08-10,79800,200000
25,2008-08-11,111600,120000
25,2008-08-12,135700,120000
25,2008-08-13,29100,120000
25,2008-08-14,217700,120000
25,2008-08-15,157900,120000
25,2008-08-16,116800,120000
25,2008-08-17,236000,120000
25,2008-08-18,225600,150000
25,2008-08-19,374800,150000
25,2008-08-20,83400,150000
25,2008-08-21,11000,150000
25,2008-08-22,8000,150000
25,2008-08-23,168000,150000
25,2008-08-24,128000,150000
25,2008-08-25,394600,150000
25,2008-08-26,284400,150000
25,2008-08-27,90000,150000
25,2008-08-28,22800,150000
25,2008-08-29,167400,150000
25,2008-08-30,187000,150000
25,2008-08-31,5600,150000
68,2008-08-01,26700,150000
68,2008-08-02,216000,400000
68,2008-08-03,20400,400000
68,2008-08-04,153800,150000
68,2008-08-05,121100,150000
68,2008-08-06,23000,150000
68,2008-08-07,86000,150000
68,2008-08-08,47000,150000
68,2008-08-09,170200,300000
68,2008-08-10,41300,300000
68,2008-08-11,71700,150000
68,2008-08-12,89400,150000
68,2008-08-13,63500,150000
68,2008-08-14,126900,150000
68,2008-08-15,101260,150000
68,2008-08-16,61900,300000
68,2008-08-17,53400,300000
68,2008-08-18,155240,150000
68,2008-08-19,158300,150000
68,2008-08-20,45500,150000
68,2008-08-21,124800,150000
68,2008-08-22,138000,150000
68,2008-08-23,65500,250000
68,2008-08-24,40100,250000
68,2008-08-25,151900,200000
68,2008-08-26,158800,200000
68,2008-08-27,82600,200000
68,2008-08-28,48900,200000
68,2008-08-29,6300,200000
68,2008-08-30,202600,300000
68,2008-08-31,262300,300000
8,2008-08-01,665449,340000
8,2008-08-02,177540,380000
8,2008-08-03,376300,390000
8,2008-08-04,330350,350000
8,2008-08-05,377490,350000
8,2008-08-06,54050,350000
8,2008-08-07,258250,350000
8,2008-08-08,314689,350000
8,2008-08-09,171180,390000
8,2008-08-10,517250,400000
8,2008-08-11,308420,350000
8,2008-08-12,148550,350000
8,2008-08-13,445170,350000
8,2008-08-14,1082500,350000
8,2008-08-15,520700,350000
8,2008-08-16,493740,400000
8,2008-08-17,390710,400000
8,2008-08-18,236030,350000
8,2008-08-19,525346,350000
8,2008-08-20,576270,350000
8,2008-08-21,273810,350000
8,2008-08-22,377717,350000
8,2008-08-23,560300,400000
8,2008-08-24,657059,400000
8,2008-08-25,258790,350000
8,2008-08-26,680170,350000
8,2008-08-27,228577,350000
8,2008-08-28,205600,350000
8,2008-08-29,119031,350000
8,2008-08-30,239558,400000
8,2008-08-31,527738,400000
11,2008-08-01,115890,100000
11,2008-08-02,139570,120000
11,2008-08-03,107120,120000
11,2008-08-04,50000,100000
11,2008-08-05,61510,100000
11,2008-08-06,77350,100000
11,2008-08-07,94050,100000
11,2008-08-08,71620,100000
11,2008-08-09,67990,120000
11,2008-08-10,78550,120000
11,2008-08-11,83460,100000
11,2008-08-12,108900,100000
11,2008-08-13,151100,100000
11,2008-08-14,91900,100000
11,2008-08-15,138270,100000
11,2008-08-16,124900,120000
11,2008-08-17,88250,120000
11,2008-08-18,187190,100000
11,2008-08-19,68650,100000
11,2008-08-20,208050,100000
11,2008-08-21,111150,100000
11,2008-08-22,223250,180000
11,2008-08-23,188950,180000
11,2008-08-24,270000,180000
11,2008-08-25,210660,100000
11,2008-08-26,45460,100000
11,2008-08-27,78460,100000
11,2008-08-28,78950,100000
11,2008-08-29,99100,100000
11,2008-08-30,101980,120000
11,2008-08-31,22080,120000
2,2008-08-01,88600,180000
2,2008-08-02,325800,270000
2,2008-08-03,109200,270000
2,2008-08-04,164100,180000
2,2008-08-05,37400,0
2,2008-08-06,191700,180000
2,2008-08-07,0,180000
2,2008-08-08,305600,180000
2,2008-08-09,217100,270000
2,2008-08-10,276800,270000
2,2008-08-11,317800,180000
2,2008-08-12,556800,180000
2,2008-08-13,461000,180000
2,2008-08-14,199000,160000
2,2008-08-15,227900,160000
2,2008-08-16,321000,300000
2,2008-08-17,128000,300000
2,2008-08-18,224400,200000
2,2008-08-19,27800,0
2,2008-08-20,130900,200000
2,2008-08-21,0,200000
2,2008-08-22,97600,200000
2,2008-08-23,42000,250000
2,2008-08-24,85000,230000
2,2008-08-25,260400,180000
2,2008-08-26,121900,200000
2,2008-08-27,71000,200000
2,2008-08-28,37800,180000
2,2008-08-29,239900,180000
2,2008-08-30,150000,180000
2,2008-08-31,277000,160000
1,2008-08-01,248400,500000
1,2008-08-02,265500,700000
1,2008-08-03,163700,600000
1,2008-08-04,202400,300000
1,2008-08-05,223400,300000
1,2008-08-06,265000,300000
1,2008-08-07,188700,300000
1,2008-08-08,492100,300000
1,2008-08-09,101400,450000
1,2008-08-10,299000,400000
1,2008-08-11,291800,300000
1,2008-08-12,466700,300000
1,2008-08-13,364400,300000
1,2008-08-14,443400,300000
1,2008-08-15,493500,350000
1,2008-08-16,256700,450000
1,2008-08-17,265800,400000
1,2008-08-18,506000,200000
1,2008-08-19,379900,300000
1,2008-08-20,411900,300000
1,2008-08-21,218000,300000
1,2008-08-22,666900,300000
1,2008-08-23,250900,400000
1,2008-08-24,1058900,350000
1,2008-08-25,1351600,250000
1,2008-08-26,555800,250000
1,2008-08-27,548500,450000
1,2008-08-28,377800,450000
1,2008-08-29,226800,500000
1,2008-08-30,178900,800000
1,2008-08-31,412800,600000
4,2008-08-01,67400,150000
4,2008-08-02,72400,300000
4,2008-08-03,23800,250000
4,2008-08-04,42400,150000
4,2008-08-05,172200,150000
4,2008-08-06,20800,150000
4,2008-08-07,138900,150000
4,2008-08-08,56000,150000
4,2008-08-09,58400,300000
4,2008-08-10,87400,250000
4,2008-08-11,192600,150000
4,2008-08-12,175000,150000
4,2008-08-13,324400,150000
4,2008-08-14,220400,150000
4,2008-08-15,28000,150000
4,2008-08-16,106600,250000
4,2008-08-17,32800,200000
4,2008-08-18,288000,100000
4,2008-08-19,335900,100000
4,2008-08-20,36000,100000
4,2008-08-21,12000,100000
4,2008-08-22,175000,100000
4,2008-08-23,46000,200000
4,2008-08-24,122000,150000
4,2008-08-25,107000,120000
4,2008-08-26,150000,120000
4,2008-08-27,184800,120000
4,2008-08-28,28000,120000
4,2008-08-29,52800,120000
4,2008-08-30,139500,200000
4,2008-08-31,138000,150000
5,2008-08-01,138000,120000
5,2008-08-02,82000,230000
5,2008-08-03,161000,230000
5,2008-08-04,500400,100000
5,2008-08-05,130800,100000
5,2008-08-06,36000,100000
5,2008-08-07,385000,100000
5,2008-08-08,50000,120000
5,2008-08-09,264600,230000
5,2008-08-10,104800,230000
5,2008-08-11,194000,100000
5,2008-08-12,196000,100000
5,2008-08-13,21600,100000
5,2008-08-14,41300,100000
5,2008-08-15,242500,120000
5,2008-08-16,81400,230000
5,2008-08-17,195900,230000
5,2008-08-18,217800,100000
5,2008-08-19,155000,100000
5,2008-08-20,81000,100000
5,2008-08-21,152700,100000
5,2008-08-22,310600,120000
5,2008-08-23,60000,230000
5,2008-08-24,412200,230000
5,2008-08-25,247700,100000
5,2008-08-26,207400,100000
5,2008-08-27,195900,100000
5,2008-08-28,79000,100000
5,2008-08-29,246400,120000
5,2008-08-30,155000,230000
5,2008-08-31,60900,230000
7,2008-08-01,197600,180000
7,2008-08-02,106300,250000
7,2008-08-03,27200,250000
7,2008-08-04,277700,130000
7,2008-08-05,227900,130000
7,2008-08-06,114000,130000
7,2008-08-07,146800,130000
7,2008-08-08,132700,130000
7,2008-08-09,115900,200000
7,2008-08-10,130200,200000
7,2008-08-11,61300,130000
7,2008-08-12,219000,130000
7,2008-08-13,144200,130000
7,2008-08-14,43800,130000
7,2008-08-15,122700,130000
7,2008-08-16,146800,200000
7,2008-08-17,58000,200000
7,2008-08-18,81000,130000
7,2008-08-19,136200,130000
7,2008-08-20,164400,130000
7,2008-08-21,59000,130000
7,2008-08-22,175800,130000
7,2008-08-23,22000,180000
7,2008-08-24,485300,180000
7,2008-08-25,242000,130000
7,2008-08-26,395900,130000
7,2008-08-27,68000,130000
7,2008-08-28,222700,160000
7,2008-08-29,118000,160000
7,2008-08-30,30900,250000
7,2008-08-31,210500,250000
6,2008-08-01,37800,120000
6,2008-08-02,78700,200000
6,2008-08-03,69600,200000
6,2008-08-04,93200,100000
6,2008-08-05,280600,100000
6,2008-08-06,100700,130000
6,2008-08-07,50800,100000
6,2008-08-08,55800,100000
6,2008-08-09,51000,250000
6,2008-08-10,119800,200000
6,2008-08-11,201100,100000
6,2008-08-12,130400,100000
6,2008-08-13,247300,100000
6,2008-08-14,71000,100000
6,2008-08-15,128400,100000
6,2008-08-16,117800,250000
6,2008-08-17,11000,200000
6,2008-08-18,29800,120000
6,2008-08-19,89000,120000
6,2008-08-20,13000,120000
6,2008-08-21,179000,120000
6,2008-08-22,36800,120000
6,2008-08-23,131000,250000
6,2008-08-24,101200,200000
6,2008-08-25,117900,100000
6,2008-08-26,235600,100000
6,2008-08-27,49800,120000
6,2008-08-28,118000,120000
6,2008-08-29,59800,110000
6,2008-08-30,163000,250000
6,2008-08-31,138900,200000
3,2008-08-01,0,150000
3,2008-08-02,0,250000
3,2008-08-03,0,250000
3,2008-08-04,0,150000
3,2008-08-05,0,150000
3,2008-08-06,0,150000
3,2008-08-07,0,150000
3,2008-08-08,0,150000
3,2008-08-09,0,250000
3,2008-08-10,0,250000
3,2008-08-11,0,150000
3,2008-08-12,0,150000
3,2008-08-13,0,150000
3,2008-08-14,0,150000
3,2008-08-15,0,150000
3,2008-08-16,0,250000
3,2008-08-17,0,250000
3,2008-08-18,0,100000
3,2008-08-19,0,100000
3,2008-08-20,0,100000
3,2008-08-21,0,100000
3,2008-08-22,0,100000
3,2008-08-23,0,250000
3,2008-08-24,0,200000
3,2008-08-25,0,120000
3,2008-08-26,0,120000
3,2008-08-27,0,120000
3,2008-08-28,0,120000
3,2008-08-29,0,120000
3,2008-08-30,0,150000
3,2008-08-31,0,150000
73,2008-08-01,37000,100000
73,2008-08-02,25000,100000
73,2008-08-03,37800,100000
73,2008-08-04,39400,100000
73,2008-08-05,123100,100000
73,2008-08-06,27000,0
73,2008-08-07,115000,100000
73,2008-08-08,56100,100000
73,2008-08-09,7000,100000
73,2008-08-10,123000,100000
73,2008-08-11,424000,100000
73,2008-08-12,58000,100000
73,2008-08-13,87000,0
73,2008-08-14,113800,100000
73,2008-08-15,70600,100000
73,2008-08-16,92000,200000
73,2008-08-17,64600,200000
73,2008-08-18,42000,150000
73,2008-08-19,93000,150000
73,2008-08-20,35100,0
73,2008-08-21,150500,100000
73,2008-08-22,30000,100000
73,2008-08-23,157000,150000
73,2008-08-24,88400,150000
73,2008-08-25,45000,150000
73,2008-08-26,210800,150000
73,2008-08-27,8400,0
73,2008-08-28,0,150000
73,2008-08-29,13600,150000
73,2008-08-30,55000,200000
73,2008-08-31,4800,200000
66,2008-08-01,375500,450000
66,2008-08-02,73800,550000
66,2008-08-03,438800,400000
66,2008-08-04,108400,0
66,2008-08-05,220400,650000
66,2008-08-06,518600,350000
66,2008-08-07,390000,300000
66,2008-08-08,80300,350000
66,2008-08-09,165700,500000
66,2008-08-10,34700,450000
66,2008-08-11,108200,250000
66,2008-08-12,478900,250000
66,2008-08-13,243000,250000
66,2008-08-14,33500,250000
66,2008-08-15,261400,300000
66,2008-08-16,723600,450000
66,2008-08-17,350750,400000
66,2008-08-18,0,650000
66,2008-08-19,715800,450000
66,2008-08-20,206000,400000
66,2008-08-21,178500,350000
66,2008-08-22,875500,400000
66,2008-08-23,681500,600000
66,2008-08-24,823000,500000
66,2008-08-25,214500,300000
66,2008-08-26,294600,300000
66,2008-08-27,666900,250000
66,2008-08-28,213500,250000
66,2008-08-29,631900,250000
66,2008-08-30,313200,350000
66,2008-08-31,738100,300000
65,2008-08-01,290500,300000
65,2008-08-02,388600,480000
65,2008-08-03,282800,400000
65,2008-08-04,112000,300000
65,2008-08-05,74000,350000
65,2008-08-06,127700,370000
65,2008-08-07,349500,300000
65,2008-08-08,580800,1400000
65,2008-08-09,73200,1400000
65,2008-08-10,365900,1000000
65,2008-08-11,223200,370000
65,2008-08-12,405100,380000
65,2008-08-13,1250300,400000
65,2008-08-14,1147200,450000
65,2008-08-15,1247740,500000
65,2008-08-16,850300,850000
65,2008-08-17,453700,700000
65,2008-08-18,0,350000
65,2008-08-19,57200,350000
65,2008-08-20,327000,350000
65,2008-08-21,363500,350000
65,2008-08-22,512800,450000
65,2008-08-23,982800,800000
65,2008-08-24,648500,650000
65,2008-08-25,264000,350000
65,2008-08-26,194500,350000
65,2008-08-27,111300,350000
65,2008-08-28,571860,350000
65,2008-08-29,93400,350000
65,2008-08-30,139300,600000
65,2008-08-31,70600,400000
59,2008-08-01,233500,400000
59,2008-08-02,899200,700000
59,2008-08-03,853000,700000
59,2008-08-04,347900,450000
59,2008-08-05,468700,450000
59,2008-08-06,320200,450000
59,2008-08-07,368200,450000
59,2008-08-08,410500,450000
59,2008-08-09,556800,650000
59,2008-08-10,679200,650000
59,2008-08-11,219300,450000
59,2008-08-12,456000,450000
59,2008-08-13,395700,450000
59,2008-08-14,550400,450000
59,2008-08-15,525800,450000
59,2008-08-16,558300,650000
59,2008-08-17,647900,650000
59,2008-08-18,353600,400000
59,2008-08-19,505600,400000
59,2008-08-20,244200,400000
59,2008-08-21,114100,400000
59,2008-08-22,340400,400000
59,2008-08-23,1009200,1000000
59,2008-08-24,668200,800000
59,2008-08-25,919600,500000
59,2008-08-26,846400,500000
59,2008-08-27,225400,450000
59,2008-08-28,335400,450000
59,2008-08-29,644300,450000
59,2008-08-30,910200,800000
59,2008-08-31,606600,650000
60,2008-08-01,358900,300000
60,2008-08-02,287700,400000
60,2008-08-03,319900,400000
60,2008-08-04,253800,250000
60,2008-08-05,250900,250000
60,2008-08-06,153700,250000
60,2008-08-07,325200,250000
60,2008-08-08,301400,250000
60,2008-08-09,351200,450000
60,2008-08-10,500600,450000
60,2008-08-11,403400,400000
60,2008-08-12,352140,400000
60,2008-08-13,809600,400000
60,2008-08-14,331800,400000
60,2008-08-15,648300,450000
60,2008-08-16,400240,500000
60,2008-08-17,294200,500000
60,2008-08-18,0,0
60,2008-08-19,250440,250000
60,2008-08-20,177800,250000
60,2008-08-21,279900,250000
60,2008-08-22,621500,250000
60,2008-08-23,645600,600000
60,2008-08-24,530200,600000
60,2008-08-25,303200,300000
60,2008-08-26,437000,300000
60,2008-08-27,220400,300000
60,2008-08-28,206200,300000
60,2008-08-29,250000,300000
60,2008-08-30,317000,500000
60,2008-08-31,368300,500000
61,2008-08-01,301700,450000
61,2008-08-02,770600,700000
61,2008-08-03,468100,600000
61,2008-08-04,410200,450000
61,2008-08-05,418700,450000
61,2008-08-06,230900,450000
61,2008-08-07,302900,450000
61,2008-08-08,349100,500000
61,2008-08-09,1051200,800000
61,2008-08-10,645600,700000
61,2008-08-11,701500,400000
61,2008-08-12,605900,400000
61,2008-08-13,359000,400000
61,2008-08-14,631800,400000
61,2008-08-15,477200,400000
61,2008-08-16,807700,650000
61,2008-08-17,471600,550000
61,2008-08-18,470200,400000
61,2008-08-19,204800,450000
61,2008-08-20,436500,450000
61,2008-08-21,429100,450000
61,2008-08-22,207800,500000
61,2008-08-23,777900,700000
61,2008-08-24,495400,600000
61,2008-08-25,329500,350000
61,2008-08-26,452200,350000
61,2008-08-27,422800,350000
61,2008-08-28,424400,350000
61,2008-08-29,362500,400000
61,2008-08-30,500700,500000
61,2008-08-31,319500,400000
10,2008-08-01,335920,110000
10,2008-08-02,159540,170000
10,2008-08-03,267860,150000
10,2008-08-04,211140,100000
10,2008-08-05,95400,100000
10,2008-08-06,70700,100000
10,2008-08-07,80640,110000
10,2008-08-08,247700,110000
10,2008-08-09,137700,170000
10,2008-08-10,109400,150000
10,2008-08-11,84340,100000
10,2008-08-12,80700,100000
10,2008-08-13,128100,100000
10,2008-08-14,259380,110000
10,2008-08-15,129100,120000
10,2008-08-16,62160,150000
10,2008-08-17,86700,130000
10,2008-08-18,197100,90000
10,2008-08-19,30800,90000
10,2008-08-20,,90000
10,2008-08-21,,90000
10,2008-08-22,,100000
10,2008-08-23,,140000
10,2008-08-24,,120000
10,2008-08-25,,80000
10,2008-08-26,,80000
10,2008-08-27,,0
10,2008-08-28,,100000
10,2008-08-29,,120000
10,2008-08-30,,170000
10,2008-08-31,,150000
62,2008-08-01,353100,300000
62,2008-08-02,300100,450000
62,2008-08-03,404700,450000
62,2008-08-04,204600,300000
62,2008-08-05,277200,300000
62,2008-08-06,453800,350000
62,2008-08-07,164700,350000
62,2008-08-08,406200,350000
62,2008-08-09,300500,550000
62,2008-08-10,405500,550000
62,2008-08-11,462600,400000
62,2008-08-12,299700,400000
62,2008-08-13,403100,400000
62,2008-08-14,366500,500000
62,2008-08-15,,500000
62,2008-08-16,,500000
62,2008-08-17,,450000
62,2008-08-18,,400000
62,2008-08-19,,0
62,2008-08-20,,0
62,2008-08-21,,400000
62,2008-08-22,,400000
62,2008-08-23,2547600,800000
62,2008-08-24,703400,900000
62,2008-08-25,1207400,0
62,2008-08-26,511600,0
62,2008-08-27,251800,0
62,2008-08-28,529200,0
62,2008-08-29,643000,0
62,2008-08-30,661500,0
62,2008-08-31,498500,0
57,2008-08-01,385000,350000
57,2008-08-02,647600,500000
57,2008-08-03,773300,550000
57,2008-08-04,264700,350000
57,2008-08-05,170500,300000
57,2008-08-06,356500,350000
57,2008-08-07,204300,300000
57,2008-08-08,542100,350000
57,2008-08-09,272700,400000
57,2008-08-10,591100,400000
57,2008-08-11,734100,350000
57,2008-08-12,357200,300000
57,2008-08-13,43500,300000
57,2008-08-14,359000,350000
57,2008-08-15,323900,300000
57,2008-08-16,428000,500000
57,2008-08-17,574300,500000
57,2008-08-18,446000,350000
57,2008-08-19,411000,350000
57,2008-08-20,110200,300000
57,2008-08-21,283700,300000
57,2008-08-22,305500,300000
57,2008-08-23,488000,500000
57,2008-08-24,592500,550000
57,2008-08-25,353000,350000
57,2008-08-26,181000,300000
57,2008-08-27,405000,350000
57,2008-08-28,168100,300000
57,2008-08-29,410500,300000
57,2008-08-30,264000,400000
57,2008-08-31,149900,400000
83,2008-08-01,,200000
83,2008-08-02,,350000
83,2008-08-03,,350000
83,2008-08-04,,150000
83,2008-08-05,,200000
83,2008-08-06,,200000
83,2008-08-07,,250000
83,2008-08-08,,250000
83,2008-08-09,,350000
83,2008-08-10,,350000
83,2008-08-11,,150000
83,2008-08-12,,200000
83,2008-08-13,,200000
83,2008-08-14,,250000
83,2008-08-15,,250000
83,2008-08-16,,350000
83,2008-08-17,,350000
83,2008-08-18,,200000
83,2008-08-19,,200000
83,2008-08-20,,200000
83,2008-08-21,,0
83,2008-08-22,,0
83,2008-08-23,,0
83,2008-08-24,,0
83,2008-08-25,,0
83,2008-08-26,,0
83,2008-08-27,,0
83,2008-08-28,,0
83,2008-08-29,,0
83,2008-08-30,,0
83,2008-08-31,,0
63,2008-08-01,338000,200000
63,2008-08-02,179000,300000
63,2008-08-03,30100,300000
63,2008-08-04,265500,200000
63,2008-08-05,192000,200000
63,2008-08-06,355200,200000
63,2008-08-07,173700,200000
63,2008-08-08,699000,200000
63,2008-08-09,245600,350000
63,2008-08-10,178000,350000
63,2008-08-11,46000,250000
63,2008-08-12,190800,250000
63,2008-08-13,349000,250000
63,2008-08-14,60000,250000
63,2008-08-15,163000,250000
63,2008-08-16,304400,350000
63,2008-08-17,189000,350000
63,2008-08-18,88500,250000
63,2008-08-19,69000,250000
63,2008-08-20,143000,250000
63,2008-08-21,373000,250000
63,2008-08-22,43700,250000
63,2008-08-23,525500,350000
63,2008-08-24,235000,350000
63,2008-08-25,212000,200000
63,2008-08-26,143000,200000
63,2008-08-27,216000,200000
63,2008-08-28,98000,200000
63,2008-08-29,168000,200000
63,2008-08-30,291000,300000
63,2008-08-31,108100,300000
64,2008-08-01,312000,130000
64,2008-08-02,135000,300000
64,2008-08-03,204000,250000
64,2008-08-04,119000,130000
64,2008-08-05,301000,130000
64,2008-08-06,142500,130000
64,2008-08-07,57500,130000
64,2008-08-08,243500,130000
64,2008-08-09,171800,300000
64,2008-08-10,238500,250000
64,2008-08-11,196000,130000
64,2008-08-12,325400,130000
64,2008-08-13,186000,130000
64,2008-08-14,84100,130000
64,2008-08-15,169700,130000
64,2008-08-16,147700,300000
64,2008-08-17,235000,250000
64,2008-08-18,303300,250000
64,2008-08-19,237000,250000
64,2008-08-20,78000,250000
64,2008-08-21,232000,250000
64,2008-08-22,152500,250000
64,2008-08-23,44000,300000
64,2008-08-24,124000,250000
64,2008-08-25,219000,150000
64,2008-08-26,347000,130000
64,2008-08-27,152200,130000
64,2008-08-28,117000,130000
64,2008-08-29,186800,130000
64,2008-08-30,35500,200000
64,2008-08-31,223400,150000
53,2008-08-01,644000,600000
53,2008-08-02,685300,700000
53,2008-08-03,483200,650000
53,2008-08-04,203000,350000
53,2008-08-05,156200,400000
53,2008-08-06,440900,400000
53,2008-08-07,407300,400000
53,2008-08-08,657400,800000
53,2008-08-09,787600,800000
53,2008-08-10,697600,750000
53,2008-08-11,336000,450000
53,2008-08-12,503800,500000
53,2008-08-13,577800,500000
53,2008-08-14,586800,500000
53,2008-08-15,398200,500000
53,2008-08-16,543600,650000
53,2008-08-17,489000,650000
53,2008-08-18,299400,350000
53,2008-08-19,331400,450000
53,2008-08-20,450900,450000
53,2008-08-21,403000,450000
53,2008-08-22,269000,450000
53,2008-08-23,668000,850000
53,2008-08-24,938400,850000
53,2008-08-25,208600,400000
53,2008-08-26,297300,450000
53,2008-08-27,329000,450000
53,2008-08-28,400300,450000
53,2008-08-29,566700,550000
53,2008-08-30,510600,600000
53,2008-08-31,573100,650000
54,2008-08-01,192500,300000
54,2008-08-02,614500,650000
54,2008-08-03,719300,650000
54,2008-08-04,121000,300000
54,2008-08-05,540500,300000
54,2008-08-06,737500,350000
54,2008-08-07,85100,300000
54,2008-08-08,317400,400000
54,2008-08-09,717400,700000
54,2008-08-10,531000,650000
54,2008-08-11,375000,350000
54,2008-08-12,397000,350000
54,2008-08-13,393200,350000
54,2008-08-14,361600,350000
54,2008-08-15,485300,450000
54,2008-08-16,818800,750000
54,2008-08-17,1185900,850000
54,2008-08-18,339000,350000
54,2008-08-19,554000,350000
54,2008-08-20,514800,350000
54,2008-08-21,410600,350000
54,2008-08-22,473000,350000
54,2008-08-23,1177000,850000
54,2008-08-24,881900,750000
54,2008-08-25,493000,300000
54,2008-08-26,709000,300000
54,2008-08-27,103500,300000
54,2008-08-28,286100,300000
54,2008-08-29,631800,350000
54,2008-08-30,588200,550000
54,2008-08-31,378000,500000
55,2008-08-01,355500,450000
55,2008-08-02,630800,800000
55,2008-08-03,681000,800000
55,2008-08-04,313000,350000
55,2008-08-05,580500,400000
55,2008-08-06,288000,450000
55,2008-08-07,380000,450000
55,2008-08-08,373000,550000
55,2008-08-09,781800,850000
55,2008-08-10,862000,850000
55,2008-08-11,358500,350000
55,2008-08-12,593000,400000
55,2008-08-13,443000,450000
55,2008-08-14,597800,450000
55,2008-08-15,627600,450000
55,2008-08-16,1064000,750000
55,2008-08-17,395000,750000
55,2008-08-18,0,0
55,2008-08-19,587000,400000
55,2008-08-20,284500,400000
55,2008-08-21,402800,450000
55,2008-08-22,344800,450000
55,2008-08-23,1308400,750000
55,2008-08-24,583600,750000
55,2008-08-25,468300,350000
55,2008-08-26,672100,350000
55,2008-08-27,376000,400000
55,2008-08-28,247000,400000
55,2008-08-29,305000,400000
55,2008-08-30,310000,700000
55,2008-08-31,441400,650000
56,2008-08-01,228000,150000
56,2008-08-02,104000,350000
56,2008-08-03,288800,350000
56,2008-08-04,101500,150000
56,2008-08-05,181400,150000
56,2008-08-06,217800,150000
56,2008-08-07,681300,150000
56,2008-08-08,310000,250000
56,2008-08-09,145500,650000
56,2008-08-10,186000,600000
56,2008-08-11,312000,200000
56,2008-08-12,384000,200000
56,2008-08-13,183100,200000
56,2008-08-14,318000,200000
56,2008-08-15,114200,200000
56,2008-08-16,265600,650000
56,2008-08-17,397500,600000
56,2008-08-18,62000,200000
56,2008-08-19,180000,200000
56,2008-08-20,161500,200000
56,2008-08-21,153500,200000
56,2008-08-22,198000,200000
56,2008-08-23,475500,550000
56,2008-08-24,171500,500000
56,2008-08-25,250000,200000
56,2008-08-26,111300,200000
56,2008-08-27,215300,200000
56,2008-08-28,130000,200000
56,2008-08-29,103400,200000
56,2008-08-30,380000,400000
56,2008-08-31,141000,350000
67,2008-08-01,2400,80000
67,2008-08-02,5000,150000
67,2008-08-03,55000,100000
67,2008-08-04,27000,60000
67,2008-08-05,15200,0
67,2008-08-06,18000,80000
67,2008-08-07,0,80000
67,2008-08-08,32000,80000
67,2008-08-09,21000,180000
67,2008-08-10,22200,100000
67,2008-08-11,181000,80000
67,2008-08-12,72000,0
67,2008-08-13,51000,80000
67,2008-08-14,25200,80000
67,2008-08-15,168300,80000
67,2008-08-16,222600,150000
67,2008-08-17,200000,80000
67,2008-08-18,88900,60000
67,2008-08-19,81400,0
67,2008-08-20,35000,80000
67,2008-08-21,0,80000
67,2008-08-22,223400,80000
67,2008-08-23,30400,180000
67,2008-08-24,164600,120000
67,2008-08-25,172000,60000
67,2008-08-26,9500,0
67,2008-08-27,38000,70000
67,2008-08-28,0,70000
67,2008-08-29,62800,70000
67,2008-08-30,127000,100000
67,2008-08-31,23500,70000
43,2008-08-01,312600,300000
43,2008-08-02,261100,450000
43,2008-08-03,383400,400000
43,2008-08-04,261100,300000
43,2008-08-05,325100,320000
43,2008-08-06,187600,300000
43,2008-08-07,384600,300000
43,2008-08-08,284300,320000
43,2008-08-09,200440,450000
43,2008-08-10,301200,400000
43,2008-08-11,357800,350000
43,2008-08-12,379000,370000
43,2008-08-13,252200,370000
43,2008-08-14,238200,350000
43,2008-08-15,192100,370000
43,2008-08-16,582300,600000
43,2008-08-17,416000,550000
43,2008-08-18,236600,380000
43,2008-08-19,280700,350000
43,2008-08-20,279000,350000
43,2008-08-21,387200,350000
43,2008-08-22,1630600,370000
43,2008-08-23,554200,500000
43,2008-08-24,400400,450000
43,2008-08-25,175600,300000
43,2008-08-26,181300,300000
43,2008-08-27,204400,300000
43,2008-08-28,546500,300000
43,2008-08-29,214500,300000
43,2008-08-30,520000,400000
43,2008-08-31,573100,350000
45,2008-08-01,246300,250000
45,2008-08-02,397700,450000
45,2008-08-03,371900,350000
45,2008-08-04,398000,200000
45,2008-08-05,291800,230000
45,2008-08-06,209100,230000
45,2008-08-07,222600,230000
45,2008-08-08,122800,250000
45,2008-08-09,168000,450000
45,2008-08-10,238200,350000
45,2008-08-11,371000,200000
45,2008-08-12,411200,200000
45,2008-08-13,296000,200000
45,2008-08-14,207400,230000
45,2008-08-15,189000,230000
45,2008-08-16,200500,500000
45,2008-08-17,240700,450000
45,2008-08-18,305000,230000
45,2008-08-19,171200,250000
45,2008-08-20,186000,230000
45,2008-08-21,199400,230000
45,2008-08-22,313000,250000
45,2008-08-23,153000,500000
45,2008-08-24,172800,500000
45,2008-08-25,580000,300000
45,2008-08-26,411000,260000
45,2008-08-27,267000,250000
45,2008-08-28,315800,250000
45,2008-08-29,247300,300000
45,2008-08-30,342000,450000
45,2008-08-31,336800,500000
52,2008-08-01,96800,220000
52,2008-08-02,351000,550000
52,2008-08-03,346300,500000
52,2008-08-04,265600,260000
52,2008-08-05,304800,220000
52,2008-08-06,46000,250000
52,2008-08-07,166500,230000
52,2008-08-08,348700,210000
52,2008-08-09,1148400,320000
52,2008-08-10,494000,280000
52,2008-08-11,381000,150000
52,2008-08-12,324000,220000
52,2008-08-13,376700,210000
52,2008-08-14,164500,250000
52,2008-08-15,251480,190000
52,2008-08-16,620100,1350000
52,2008-08-17,724900,920000
52,2008-08-18,421200,330000
52,2008-08-19,364200,390000
52,2008-08-20,110000,320000
52,2008-08-21,491400,340000
52,2008-08-22,231200,280000
52,2008-08-23,1002000,1010000
52,2008-08-24,674700,640000
52,2008-08-25,306400,290000
52,2008-08-26,537100,310000
52,2008-08-27,510400,290000
52,2008-08-28,334900,290000
52,2008-08-29,419400,310000
52,2008-08-30,228800,870000
52,2008-08-31,272500,500000
48,2008-08-01,412320,400000
48,2008-08-02,554600,650000
48,2008-08-03,209900,500000
48,2008-08-04,456750,250000
48,2008-08-05,347100,250000
48,2008-08-06,332100,300000
48,2008-08-07,352100,250000
48,2008-08-08,213600,350000
48,2008-08-09,1000000,650000
48,2008-08-10,552600,500000
48,2008-08-11,293200,250000
48,2008-08-12,201400,250000
48,2008-08-13,657700,300000
48,2008-08-14,611000,250000
48,2008-08-15,160000,350000
48,2008-08-16,825500,1000000
48,2008-08-17,409400,600000
48,2008-08-18,241600,300000
48,2008-08-19,0,300000
48,2008-08-20,400200,350000
48,2008-08-21,322200,300000
48,2008-08-22,639000,400000
48,2008-08-23,812000,900000
48,2008-08-24,372000,500000
48,2008-08-25,425000,300000
48,2008-08-26,200400,300000
48,2008-08-27,517000,350000
48,2008-08-28,656200,300000
48,2008-08-29,489400,400000
48,2008-08-30,645000,700000
48,2008-08-31,318510,500000
49,2008-08-01,717300,700000
49,2008-08-02,701100,900000
49,2008-08-03,689000,800000
49,2008-08-04,602100,700000
49,2008-08-05,404500,700000
49,2008-08-06,708800,700000
49,2008-08-07,884000,700000
49,2008-08-08,504900,700000
49,2008-08-09,722800,900000
49,2008-08-10,985500,800000
49,2008-08-11,684100,650000
49,2008-08-12,981000,650000
49,2008-08-13,636600,650000
49,2008-08-14,606500,650000
49,2008-08-15,565000,650000
49,2008-08-16,735100,900000
49,2008-08-17,784200,800000
49,2008-08-18,823900,600000
49,2008-08-19,580100,600000
49,2008-08-20,465000,600000
49,2008-08-21,660200,600000
49,2008-08-22,500000,600000
49,2008-08-23,737700,900000
49,2008-08-24,1016400,800000
49,2008-08-25,770700,600000
49,2008-08-26,584600,600000
49,2008-08-27,844600,600000
49,2008-08-28,704800,600000
49,2008-08-29,513700,600000
49,2008-08-30,701100,900000
49,2008-08-31,577900,850000
44,2008-08-01,305500,700000
44,2008-08-02,842000,900000
44,2008-08-03,502100,700000
44,2008-08-04,455100,600000
44,2008-08-05,519700,600000
44,2008-08-06,661000,700000
44,2008-08-07,681000,700000
44,2008-08-08,740800,750000
44,2008-08-09,1106500,1000000
44,2008-08-10,515900,800000
44,2008-08-11,448900,600000
44,2008-08-12,805500,600000
44,2008-08-13,803000,650000
44,2008-08-14,902400,650000
44,2008-08-15,510000,700000
44,2008-08-16,1362200,1300000
44,2008-08-17,1021400,1100000
44,2008-08-18,640300,600000
44,2008-08-19,788000,600000
44,2008-08-20,608900,700000
44,2008-08-21,965400,700000
44,2008-08-22,654000,700000
44,2008-08-23,868300,900000
44,2008-08-24,1233700,800000
44,2008-08-25,828500,700000
44,2008-08-26,586300,650000
44,2008-08-27,738900,700000
44,2008-08-28,617600,700000
44,2008-08-29,529500,700000
44,2008-08-30,565900,800000
44,2008-08-31,551200,700000
50,2008-08-01,106900,350000
50,2008-08-02,504550,500000
50,2008-08-03,637100,450000
50,2008-08-04,358500,350000
50,2008-08-05,307600,350000
50,2008-08-06,138200,350000
50,2008-08-07,178500,350000
50,2008-08-08,253100,350000
50,2008-08-09,349700,450000
50,2008-08-10,442600,450000
50,2008-08-11,271000,350000
50,2008-08-12,278400,350000
50,2008-08-13,136000,300000
50,2008-08-14,289000,300000
50,2008-08-15,274900,350000
50,2008-08-16,571400,600000
50,2008-08-17,402200,550000
50,2008-08-18,347000,300000
50,2008-08-19,248800,300000
50,2008-08-20,163500,300000
50,2008-08-21,451700,300000
50,2008-08-22,266000,300000
50,2008-08-23,753500,500000
50,2008-08-24,564400,450000
50,2008-08-25,516700,300000
50,2008-08-26,461700,300000
50,2008-08-27,317700,300000
50,2008-08-28,201800,300000
50,2008-08-29,457000,300000
50,2008-08-30,445600,400000
50,2008-08-31,471900,400000
51,2008-08-01,202000,300000
51,2008-08-02,269900,350000
51,2008-08-03,309400,350000
51,2008-08-04,163400,200000
51,2008-08-05,153900,200000
51,2008-08-06,117000,250000
51,2008-08-07,162400,250000
51,2008-08-08,275000,300000
51,2008-08-09,167000,350000
51,2008-08-10,386600,350000
51,2008-08-11,119500,200000
51,2008-08-12,112000,200000
51,2008-08-13,200000,250000
51,2008-08-14,122500,250000
51,2008-08-15,222000,300000
51,2008-08-16,508400,500000
51,2008-08-17,359500,500000
51,2008-08-18,151000,250000
51,2008-08-19,117000,250000
51,2008-08-20,191000,300000
51,2008-08-21,240000,300000
51,2008-08-22,177000,350000
51,2008-08-23,505900,500000
51,2008-08-24,410000,500000
51,2008-08-25,149000,250000
51,2008-08-26,164200,250000
51,2008-08-27,200000,300000
51,2008-08-28,208000,300000
51,2008-08-29,223000,350000
51,2008-08-30,436000,500000
51,2008-08-31,298000,500000
36,2008-08-01,329700,300000
36,2008-08-02,234600,350000
36,2008-08-03,493500,350000
36,2008-08-04,224600,300000
36,2008-08-05,0,0
36,2008-08-06,401000,300000
36,2008-08-07,408000,300000
36,2008-08-08,550000,300000
36,2008-08-09,442900,400000
36,2008-08-10,416200,400000
36,2008-08-11,458100,300000
36,2008-08-12,211200,300000
36,2008-08-13,217800,300000
36,2008-08-14,198500,300000
36,2008-08-15,314100,300000
36,2008-08-16,280000,400000
36,2008-08-17,312800,400000
36,2008-08-18,224800,250000
36,2008-08-19,,0
36,2008-08-20,354400,250000
36,2008-08-21,322600,250000
36,2008-08-22,118300,500000
36,2008-08-23,356400,600000
36,2008-08-24,567000,600000
36,2008-08-25,239600,450000
36,2008-08-26,143000,450000
36,2008-08-27,565000,450000
36,2008-08-28,262000,400000
36,2008-08-29,166000,400000
36,2008-08-30,174100,550000
36,2008-08-31,216300,550000
41,2008-08-01,243400,350000
41,2008-08-02,404700,450000
41,2008-08-03,221600,450000
41,2008-08-04,368600,300000
41,2008-08-05,197700,300000
41,2008-08-06,117300,300000
41,2008-08-07,386300,300000
41,2008-08-08,310500,300000
41,2008-08-09,717600,400000
41,2008-08-10,304700,400000
41,2008-08-11,373150,300000
41,2008-08-12,249500,300000
41,2008-08-13,511000,300000
41,2008-08-14,207000,300000
41,2008-08-15,343600,300000
41,2008-08-16,537300,450000
41,2008-08-17,307500,450000
41,2008-08-18,102050,300000
41,2008-08-19,230000,300000
41,2008-08-20,379000,300000
41,2008-08-21,326000,300000
41,2008-08-22,488000,500000
41,2008-08-23,1377300,1000000
41,2008-08-24,1017000,600000
41,2008-08-25,371000,350000
41,2008-08-26,175400,350000
41,2008-08-27,136200,350000
41,2008-08-28,194100,350000
41,2008-08-29,227800,400000
41,2008-08-30,347000,500000
41,2008-08-31,571700,450000
39,2008-08-01,124500,150000
39,2008-08-02,294400,250000
39,2008-08-03,249500,250000
39,2008-08-04,59200,180000
39,2008-08-05,170100,180000
39,2008-08-06,184800,180000
39,2008-08-07,130200,180000
39,2008-08-08,184100,180000
39,2008-08-09,79100,300000
39,2008-08-10,430900,300000
39,2008-08-11,73500,170000
39,2008-08-12,205000,170000
39,2008-08-13,223429,170000
39,2008-08-14,146000,170000
39,2008-08-15,279000,170000
39,2008-08-16,152100,250000
39,2008-08-17,200000,250000
39,2008-08-18,90400,150000
39,2008-08-19,62500,150000
39,2008-08-20,130000,150000
39,2008-08-21,138000,150000
39,2008-08-22,34000,150000
39,2008-08-23,196300,250000
39,2008-08-24,383000,250000
39,2008-08-25,126000,150000
39,2008-08-26,196500,150000
39,2008-08-27,167000,150000
39,2008-08-28,39100,150000
39,2008-08-29,129000,150000
39,2008-08-30,107700,250000
39,2008-08-31,236000,250000
70,2008-08-01,20700,130000
70,2008-08-02,44400,180000
70,2008-08-03,85200,160000
70,2008-08-04,174000,120000
70,2008-08-05,123800,120000
70,2008-08-06,96400,120000
70,2008-08-07,92900,120000
70,2008-08-08,106000,120000
70,2008-08-09,76800,180000
70,2008-08-10,57800,160000
70,2008-08-11,134600,120000
70,2008-08-12,86800,120000
70,2008-08-13,104400,120000
70,2008-08-14,84900,120000
70,2008-08-15,57500,120000
70,2008-08-16,128200,180000
70,2008-08-17,75600,160000
70,2008-08-18,78200,120000
70,2008-08-19,50000,120000
70,2008-08-20,126100,120000
70,2008-08-21,64500,120000
70,2008-08-22,168800,130000
70,2008-08-23,78200,170000
70,2008-08-24,103600,160000
70,2008-08-25,95900,130000
70,2008-08-26,101600,130000
70,2008-08-27,60300,130000
70,2008-08-28,75400,130000
70,2008-08-29,138700,150000
70,2008-08-30,20700,180000
70,2008-08-31,160500,160000
40,2008-08-01,38000,100000
40,2008-08-02,10000,150000
40,2008-08-03,12200,110000
40,2008-08-04,100000,110000
40,2008-08-05,18400,0
40,2008-08-06,88000,120000
40,2008-08-07,0,120000
40,2008-08-08,17500,150000
40,2008-08-09,35000,230000
40,2008-08-10,52000,150000
40,2008-08-11,4200,120000
40,2008-08-12,50000,0
40,2008-08-13,25100,140000
40,2008-08-14,0,180000
40,2008-08-15,303800,180000
40,2008-08-16,56000,240000
40,2008-08-17,3800,150000
40,2008-08-18,40800,130000
40,2008-08-19,15800,0
40,2008-08-20,78000,150000
40,2008-08-21,0,170000
40,2008-08-22,39000,170000
40,2008-08-23,0,220000
40,2008-08-24,123300,140000
40,2008-08-25,30240,140000
40,2008-08-26,28500,0
40,2008-08-27,6000,180000
40,2008-08-28,0,220000
40,2008-08-29,45800,210000
40,2008-08-30,8000,170000
40,2008-08-31,65000,150000
42,2008-08-01,,170000
42,2008-08-02,,200000
42,2008-08-03,,200000
42,2008-08-04,,160000
42,2008-08-05,,170000
42,2008-08-06,,170000
42,2008-08-07,,170000
42,2008-08-08,,200000
42,2008-08-09,,250000
42,2008-08-10,,250000
42,2008-08-11,,200000
42,2008-08-12,,200000
42,2008-08-13,,200000
42,2008-08-14,,200000
42,2008-08-15,,200000
42,2008-08-16,,250000
42,2008-08-17,,250000
42,2008-08-18,,200000
42,2008-08-19,,200000
42,2008-08-20,,250000
42,2008-08-21,,250000
42,2008-08-22,,250000
42,2008-08-23,,280000
42,2008-08-24,,280000
42,2008-08-25,,250000
42,2008-08-26,,250000
42,2008-08-27,,250000
42,2008-08-28,,250000
42,2008-08-29,,250000
42,2008-08-30,,300000
42,2008-08-31,,300000
74,2008-08-01,,80000
74,2008-08-02,,100000
74,2008-08-03,,100000
74,2008-08-04,,80000
74,2008-08-05,,80000
74,2008-08-06,,80000
74,2008-08-07,,80000
74,2008-08-08,,80000
74,2008-08-09,,150000
74,2008-08-10,,150000
74,2008-08-11,,100000
74,2008-08-12,,100000
74,2008-08-13,,100000
74,2008-08-14,,100000
74,2008-08-15,,100000
74,2008-08-16,,150000
74,2008-08-17,,150000
74,2008-08-18,,100000
74,2008-08-19,,100000
74,2008-08-20,,100000
74,2008-08-21,,100000
74,2008-08-22,,100000
74,2008-08-23,,220000
74,2008-08-24,,250000
74,2008-08-25,,150000
74,2008-08-26,,150000
74,2008-08-27,,150000
74,2008-08-28,,150000
74,2008-08-29,,150000
74,2008-08-30,,250000
74,2008-08-31,,250000
71,2008-08-01,,150000
71,2008-08-02,,150000
71,2008-08-03,,140000
71,2008-08-04,,130000
71,2008-08-05,,130000
71,2008-08-06,,130000
71,2008-08-07,,130000
71,2008-08-08,,130000
71,2008-08-09,,140000
71,2008-08-10,,130000
71,2008-08-11,,120000
71,2008-08-12,,120000
71,2008-08-13,,120000
71,2008-08-14,,120000
71,2008-08-15,,150000
71,2008-08-16,,150000
71,2008-08-17,,140000
71,2008-08-18,,120000,,
71,2008-08-19,,120000,,
71,2008-08-20,,120000,,
71,2008-08-21,,120000,,
71,2008-08-22,,120000,,
71,2008-08-23,,130000,,
71,2008-08-24,,120000,,
71,2008-08-25,,130000,,
71,2008-08-26,,130000,,
71,2008-08-27,,120000,,
71,2008-08-28,,120000,,
71,2008-08-29,,120000,,
71,2008-08-30,,130000,,
71,2008-08-31,,120000,,
38,2008-08-01,,0,,
38,2008-08-02,,0,,
38,2008-08-03,,0,,
38,2008-08-04,,0,,
38,2008-08-05,,0,,
38,2008-08-06,,550000,,
38,2008-08-07,,550000,,
38,2008-08-08,,600000,,
38,2008-08-09,,800000,,
38,2008-08-10,,700000,,
38,2008-08-11,,400000,,
38,2008-08-12,,400000,,
38,2008-08-13,,0,,
38,2008-08-14,,0,,
38,2008-08-15,,0,,
38,2008-08-16,,0,,
38,2008-08-17,,0,,
38,2008-08-18,,0,,
38,2008-08-19,,0
38,2008-08-20,,0
38,2008-08-21,,0
38,2008-08-22,,0
38,2008-08-23,,0
38,2008-08-24,,0
38,2008-08-25,,0
38,2008-08-26,,0
38,2008-08-27,,0
38,2008-08-28,,0
38,2008-08-29,,0
38,2008-08-30,,0
38,2008-08-31,,0
46,2008-08-01,,350000
46,2008-08-02,,450000
46,2008-08-03,,400000
46,2008-08-04,,350000
46,2008-08-05,,350000
46,2008-08-06,,300000
46,2008-08-07,,300000
46,2008-08-08,,300000
46,2008-08-09,,450000
46,2008-08-10,,400000
46,2008-08-11,,300000
46,2008-08-12,,300000
46,2008-08-13,,300000
46,2008-08-14,,300000
46,2008-08-15,,300000
46,2008-08-16,,550000
46,2008-08-17,,500000
46,2008-08-18,,300000
46,2008-08-19,,300000
46,2008-08-20,,300000
46,2008-08-21,,300000
46,2008-08-22,,300000
46,2008-08-23,,450000
46,2008-08-24,,400000
46,2008-08-25,,250000
46,2008-08-26,,250000
46,2008-08-27,,250000
46,2008-08-28,,250000
46,2008-08-29,1545800,450000
46,2008-08-30,460200,250000
46,2008-08-31,311800,250000
58,2008-08-01,446200,450000
58,2008-08-02,412900,550000
58,2008-08-03,432500,500000
58,2008-08-04,257900,400000
58,2008-08-05,432800,400000
58,2008-08-06,60100,400000
58,2008-08-07,468950,400000
58,2008-08-08,170700,450000
58,2008-08-09,520600,550000
58,2008-08-10,501700,500000
58,2008-08-11,395800,450000
58,2008-08-12,614300,450000
58,2008-08-13,597700,450000
58,2008-08-14,504900,450000
58,2008-08-15,756700,500000
58,2008-08-16,349000,550000
58,2008-08-17,512600,500000
58,2008-08-18,326300,400000
58,2008-08-19,230700,400000
58,2008-08-20,212000,400000
58,2008-08-21,644200,400000
58,2008-08-22,773000,550000
58,2008-08-23,413000,600000
58,2008-08-24,619000,550000
58,2008-08-25,186000,350000
58,2008-08-26,295000,350000
58,2008-08-27,265000,350000
58,2008-08-28,472000,350000
58,2008-08-29,482600,400000
58,2008-08-30,445400,500000
58,2008-08-31,344400,450000
75,2008-08-01,117900,250000
75,2008-08-02,247650,300000
75,2008-08-03,174400,200000
75,2008-08-04,78100,150000
75,2008-08-05,165300,150000
75,2008-08-06,107400,150000
75,2008-08-07,146900,150000
75,2008-08-08,232900,200000
75,2008-08-09,65000,250000
75,2008-08-10,81100,200000
75,2008-08-11,110100,150000
75,2008-08-12,105600,180000
75,2008-08-13,100500,180000
75,2008-08-14,267900,180000
75,2008-08-15,219100,200000
75,2008-08-16,182000,250000
75,2008-08-17,113900,200000
75,2008-08-18,42600,200000
75,2008-08-19,115000,230000
75,2008-08-20,130800,230000
75,2008-08-21,211800,230000
75,2008-08-22,250200,250000
75,2008-08-23,348400,300000
75,2008-08-24,269700,200000
75,2008-08-25,144200,200000
75,2008-08-26,141100,230000
75,2008-08-27,280700,230000
75,2008-08-28,124900,230000
75,2008-08-29,103000,280000
75,2008-08-30,232500,300000
75,2008-08-31,103200,250000
76,2008-08-01,627300,650000
76,2008-08-02,886800,1000000
76,2008-08-03,738320,900000
76,2008-08-04,782400,600000
76,2008-08-05,601400,700000
76,2008-08-06,459340,700000
76,2008-08-07,351300,700000
76,2008-08-08,576800,700000
76,2008-08-09,709840,900000
76,2008-08-10,555500,900000
76,2008-08-11,732440,550000
76,2008-08-12,585940,650000
76,2008-08-13,647400,650000
76,2008-08-14,819000,650000
76,2008-08-15,559000,650000
76,2008-08-16,912280,850000
76,2008-08-17,558400,850000
76,2008-08-18,777200,650000
76,2008-08-19,531700,750000
76,2008-08-20,598080,750000
76,2008-08-21,434000,750000
76,2008-08-22,472000,750000
76,2008-08-23,733300,900000
76,2008-08-24,1153100,900000
76,2008-08-25,363000,700000
76,2008-08-26,773400,800000
76,2008-08-27,582600,800000
76,2008-08-28,485940,800000
76,2008-08-29,850600,850000
76,2008-08-30,584840,1000000
76,2008-08-31,675500,1000000
72,2008-08-01,93500,80000
72,2008-08-02,19500,100000
72,2008-08-03,24900,100000
72,2008-08-04,13500,80000
72,2008-08-05,64200,80000
72,2008-08-06,42700,80000
72,2008-08-07,104500,80000
72,2008-08-08,39000,80000
72,2008-08-09,94200,100000
72,2008-08-10,75600,100000
72,2008-08-11,27900,80000
72,2008-08-12,79000,80000
72,2008-08-13,104000,80000
72,2008-08-14,16800,80000
72,2008-08-15,23500,130000
72,2008-08-16,37800,250000
72,2008-08-17,57900,250000
72,2008-08-18,345000,120000
72,2008-08-19,28000,120000
72,2008-08-20,167000,120000
72,2008-08-21,17000,120000
72,2008-08-22,92000,150000
72,2008-08-23,24000,150000
72,2008-08-24,22400,150000
72,2008-08-25,120800,100000
72,2008-08-26,253000,100000
72,2008-08-27,51000,100000
72,2008-08-28,50200,100000
72,2008-08-29,69238,100000
72,2008-08-30,17362,120000
72,2008-08-31,12300,120000
78,2008-08-01,2244.4,2200
78,2008-08-02,2295.1,3000
78,2008-08-03,632.3,2600
78,2008-08-04,3238.1,2200
78,2008-08-05,1960.65,2400
78,2008-08-06,725.5,2600
78,2008-08-07,261.4,2800
78,2008-08-08,2554.2,3200
78,2008-08-09,548,3500
78,2008-08-10,428.5,3000
78,2008-08-11,5141.5,2000
78,2008-08-12,1454.24,2200
78,2008-08-13,2604,2400
78,2008-08-14,2291,2600
78,2008-08-15,1254.49,2800
78,2008-08-16,4112.08,3000
78,2008-08-17,749.49,2700
78,2008-08-18,3443.75,1600
78,2008-08-19,1142.83,1800
78,2008-08-20,114,2000
78,2008-08-21,778.01,2500
78,2008-08-22,1331.5,2800
78,2008-08-23,618.76,3000
78,2008-08-24,3039.95,2500
78,2008-08-25,1724.25,1600
78,2008-08-26,1405.5,1700
78,2008-08-27,1410.3,1900
78,2008-08-28,2081.25,2200
78,2008-08-29,1095.41,2500
78,2008-08-30,392.01,2800
78,2008-08-31,1328.5,2400
79,2008-08-01,12281,4000
79,2008-08-02,7882,5000
79,2008-08-03,15191,6000
79,2008-08-04,5562,3000
79,2008-08-05,13245,3000
79,2008-08-06,7080,4000
79,2008-08-07,3907,5000
79,2008-08-08,10170,6000
79,2008-08-09,7258,8000
79,2008-08-10,2201,5000
79,2008-08-11,24938.5,3000
79,2008-08-12,17076,3000
79,2008-08-13,9138,4000
79,2008-08-14,4888,5000
79,2008-08-15,11303,6000
79,2008-08-16,12418,7000
79,2008-08-17,12779,8000
79,2008-08-18,27771,3000
79,2008-08-19,23515,3000
79,2008-08-20,542,4000
79,2008-08-21,10969,5000
79,2008-08-22,10914,6000
79,2008-08-23,14549,7000
79,2008-08-24,16071,4000
79,2008-08-25,10076,3000
79,2008-08-26,14922,3000
79,2008-08-27,13879,4000
79,2008-08-28,6701,5000
79,2008-08-29,8808,5000
79,2008-08-30,17966,6000
79,2008-08-31,0,7000
80,2008-08-01,0,1110
80,2008-08-02,0,1110
80,2008-08-03,0,0
80,2008-08-04,0,1110
80,2008-08-05,0,1110
80,2008-08-06,0,0
80,2008-08-07,0,0
80,2008-08-08,0,0
80,2008-08-09,0,0
80,2008-08-10,0,0
80,2008-08-11,0,0
80,2008-08-12,0,0
80,2008-08-13,0,0
80,2008-08-14,0,0
80,2008-08-15,0,0
80,2008-08-16,0,0
80,2008-08-17,0,0
80,2008-08-18,0,0
80,2008-08-19,0,0
80,2008-08-20,0,0
80,2008-08-21,0,0
80,2008-08-22,0,0
80,2008-08-23,309.36,0
80,2008-08-24,192.31,0
80,2008-08-25,1563.54,0
80,2008-08-26,0,1110
80,2008-08-27,83.61,1110
80,2008-08-28,501.67,1110
80,2008-08-29,158.86,1110
80,2008-08-30,627.93,1120
80,2008-08-31,505.85,0
77,2008-08-01,0,250000
77,2008-08-02,0,350000
77,2008-08-03,0,400000
77,2008-08-04,0,300000
77,2008-08-05,0,300000
77,2008-08-06,0,350000
77,2008-08-07,0,250000
77,2008-08-08,0,350000
77,2008-08-09,0,450000
77,2008-08-10,0,500000
77,2008-08-11,0,300000
77,2008-08-12,0,300000
77,2008-08-13,0,350000
77,2008-08-14,0,250000
77,2008-08-15,0,350000
77,2008-08-16,0,450000
77,2008-08-17,0,500000
77,2008-08-18,0,300000
77,2008-08-19,0,0
77,2008-08-20,0,0
77,2008-08-21,0,250000
77,2008-08-22,0,350000
77,2008-08-23,0,450000
77,2008-08-24,0,500000
77,2008-08-25,0,400000
77,2008-08-26,0,400000
77,2008-08-27,0,450000
77,2008-08-28,0,350000
77,2008-08-29,0,450000
77,2008-08-30,0,550000
77,2008-08-31,0,550000
